CartID,CustomerID,ProductID,Quantity,AddedDate
1,1109,890,2,2025-05-28
2,1001,793,1,2026-02-11
3,416,792,3,2025-03-10
4,930,295,1,2025-12-24
5,2098,630,1,2026-03-25
6,99,246,1,2025-03-29
7,733,657,2,2025-03-18
8,124,668,3,2026-01-13
9,11,793,2,2026-05-07
10,1230,117,3,2025-02-11
11,1146,789,3,2025-12-07
12,857,142,1,2025-07-24
13,1985,25,1,2026-05-03
14,2986,967,2,2025-12-18
15,2855,367,2,2025-05-05
16,668,963,2,2026-05-20
17,1950,975,2,2026-06-08
18,1114,650,2,2026-06-07
19,560,776,2,2025-09-24
20,845,436,1,2025-04-26
21,1023,476,1,2025-10-16
22,1796,875,2,2025-07-03
23,510,851,3,2025-08-19
24,2358,244,3,2025-04-01
25,2845,587,2,2025-08-02
26,20,74,2,2025-06-22
27,641,223,1,2025-05-04
28,486,857,1,2025-05-16
29,61,374,1,2025-01-07
30,35,385,3,2026-04-08
31,2350,392,3,2025-12-06
32,1282,407,3,2025-10-16
33,86,201,2,2026-05-12
34,1363,597,3,2025-11-06
35,607,53,3,2025-09-27
36,949,88,3,2026-04-22
37,591,692,2,2026-03-28
38,2076,28,3,2026-05-21
39,2427,72,2,2025-03-08
40,356,501,3,2026-01-26
41,2784,451,2,2025-07-12
42,124,156,2,2025-04-25
43,650,409,1,2026-03-07
44,2120,275,1,2025-01-01
45,2036,136,1,2026-03-06
46,632,774,3,2026-06-16
47,34,571,3,2025-04-16
48,2998,170,3,2025-09-13
49,1392,439,2,2026-01-19
50,2528,189,2,2026-02-18
51,583,419,1,2025-01-31
52,2098,511,1,2026-04-21
53,967,103,3,2026-06-08
54,992,429,2,2026-03-31
55,671,145,3,2026-02-17
56,1766,126,2,2025-08-28
57,1198,55,1,2025-01-31
58,1702,544,1,2026-02-20
59,1802,80,3,2025-08-02
60,553,925,2,2026-05-23
61,613,550,1,2026-05-18
62,1848,307,1,2025-09-01
63,1831,853,1,2026-03-13
64,1087,517,3,2026-05-07
65,1055,755,3,2026-02-02
66,1171,583,1,2025-09-10
67,346,837,2,2025-10-31
68,2957,33,1,2025-04-11
69,1337,44,2,2025-06-26
70,1537,533,3,2026-03-23
71,609,473,1,2025-05-17
72,2052,984,2,2025-07-17
73,371,729,1,2026-06-17
74,1542,811,1,2025-07-28
75,953,234,2,2025-08-05
76,2600,471,3,2025-01-13
77,2734,64,2,2026-07-02
78,338,169,3,2026-05-04
79,165,741,3,2025-08-14
80,1573,389,2,2026-04-18
81,717,469,3,2025-12-25
82,941,998,1,2026-01-07
83,295,901,2,2026-04-17
84,1146,316,1,2025-07-23
85,2005,120,2,2025-02-27
86,815,807,1,2025-10-01
87,1340,597,2,2025-06-07
88,74,755,1,2025-12-02
89,1711,249,1,2025-09-17
90,681,93,2,2025-02-02
91,2306,93,2,2026-01-29
92,1520,142,3,2025-03-23
93,798,56,3,2026-03-03
94,2767,288,3,2025-02-14
95,257,165,1,2025-06-06
96,666,11,1,2025-05-13
97,1699,104,3,2025-08-06
98,1850,451,2,2025-12-22
99,1164,419,2,2025-08-22
100,483,451,2,2026-01-28
101,58,829,1,2026-01-01
102,1168,450,3,2025-07-21
103,2561,740,3,2026-04-24
104,2309,67,3,2025-12-21
105,2756,972,1,2025-01-03
106,261,316,2,2025-09-15
107,1509,148,1,2025-06-22
108,507,686,2,2025-07-20
109,615,861,1,2026-02-03
110,1899,335,2,2025-07-29
111,2937,410,1,2026-02-01
112,2091,279,3,2025-10-28
113,1367,303,2,2025-05-12
114,803,914,3,2025-04-22
115,2712,184,2,2025-07-06
116,2851,503,2,2026-04-08
117,2932,733,3,2026-04-21
118,1189,236,1,2026-04-20
119,859,462,1,2026-01-31
120,1398,139,3,2025-06-27
121,1610,581,3,2025-02-15
122,1696,980,1,2025-02-03
123,117,710,1,2025-12-05
124,2815,728,3,2025-05-18
125,345,185,1,2025-03-30
126,1667,31,3,2026-03-03
127,2655,538,1,2025-01-08
128,1955,230,1,2025-01-16
129,1418,440,1,2025-08-23
130,2717,314,3,2026-01-11
131,2503,400,3,2026-01-12
132,2801,147,3,2025-07-24
133,1845,259,3,2026-06-18
134,2916,79,3,2025-04-09
135,1199,430,2,2026-05-25
136,1314,960,2,2026-01-24
137,2249,399,2,2025-02-03
138,2103,108,2,2025-07-02
139,444,135,3,2025-04-28
140,638,453,1,2025-04-24
141,211,4,3,2026-03-12
142,1025,171,3,2025-06-06
143,206,958,1,2025-06-14
144,2678,16,3,2025-05-30
145,789,750,2,2025-04-03
146,112,104,3,2026-04-17
147,2208,489,3,2026-03-21
148,2140,943,1,2025-01-23
149,853,18,1,2025-10-04
150,1645,460,3,2026-05-18
151,2759,388,1,2025-02-13
152,286,26,3,2025-01-14
153,2334,617,2,2026-06-27
154,329,97,1,2026-02-04
155,483,267,1,2025-07-15
156,2196,678,1,2026-07-03
157,1595,48,1,2026-04-29
158,2821,27,2,2025-09-09
159,1708,776,1,2026-03-28
160,526,497,2,2025-07-15
161,1494,697,2,2025-04-28
162,2784,443,1,2025-12-08
163,1315,80,1,2026-06-11
164,2664,864,3,2026-05-14
165,901,949,3,2026-05-02
166,2626,126,2,2025-06-01
167,589,223,3,2025-07-15
168,672,490,2,2025-07-02
169,2672,467,1,2026-01-22
170,1869,545,3,2025-06-10
171,2171,114,1,2026-04-21
172,740,863,1,2025-08-26
173,943,437,3,2025-04-18
174,1759,895,3,2026-05-13
175,1214,2,2,2025-02-09
176,914,585,2,2025-06-22
177,804,21,2,2025-09-17
178,368,728,3,2026-02-16
179,2000,884,2,2026-07-02
180,1668,158,2,2025-12-25
181,1177,113,2,2026-05-26
182,1835,848,1,2025-05-19
183,1573,96,3,2025-08-16
184,1979,609,1,2025-06-16
185,2224,878,3,2025-06-06
186,1389,741,2,2026-02-23
187,1304,205,3,2025-07-15
188,2928,33,2,2025-08-23
189,2624,774,3,2025-01-06
190,2316,798,1,2025-02-14
191,276,541,2,2026-05-04
192,1397,464,1,2025-01-08
193,1159,45,3,2025-05-29
194,2965,996,3,2025-07-25
195,1745,85,2,2025-01-21
196,2640,572,1,2026-03-23
197,1089,503,1,2026-03-09
198,81,606,1,2025-12-12
199,1600,132,2,2026-05-20
200,1411,939,3,2025-06-23
201,2990,189,3,2025-03-30
202,2491,81,1,2025-07-11
203,2064,314,3,2026-04-01
204,1084,20,3,2026-03-08
205,2757,827,3,2025-01-16
206,2816,399,3,2025-11-09
207,844,126,1,2025-03-25
208,1534,544,2,2025-04-22
209,1381,564,2,2025-09-05
210,1929,772,1,2026-03-02
211,1772,863,2,2025-05-12
212,1149,405,1,2025-08-12
213,1290,713,2,2025-05-23
214,2732,153,1,2026-05-27
215,2905,891,1,2026-05-14
216,271,909,1,2025-06-10
217,956,844,2,2025-05-14
218,987,383,3,2025-12-07
219,1287,655,2,2025-08-07
220,1874,305,2,2026-05-01
221,1999,143,1,2025-03-13
222,1605,37,2,2025-03-05
223,1124,562,1,2026-03-31
224,2551,518,3,2025-04-18
225,2621,515,2,2026-04-27
226,2041,470,3,2025-12-20
227,529,11,2,2025-10-07
228,1659,354,1,2026-01-26
229,361,642,3,2026-01-14
230,1503,187,1,2025-04-08
231,2980,394,1,2025-07-06
232,2520,819,1,2026-02-17
233,2724,387,2,2026-01-30
234,1726,183,1,2026-06-09
235,2517,889,1,2025-11-14
236,96,737,1,2025-07-23
237,712,611,3,2025-02-02
238,273,512,2,2026-02-28
239,1760,217,3,2025-02-01
240,2063,647,1,2026-03-23
241,1161,704,1,2025-10-25
242,2949,259,1,2025-06-26
243,31,444,3,2025-05-03
244,2462,18,2,2026-01-30
245,2904,799,3,2025-02-19
246,1206,177,3,2025-01-06
247,2255,19,1,2026-02-06
248,1182,501,3,2026-06-15
249,2480,322,2,2026-04-19
250,338,334,2,2025-02-19
251,2375,815,1,2025-10-26
252,358,706,1,2025-09-26
253,2184,280,2,2025-12-20
254,2416,211,3,2025-08-03
255,1460,776,2,2025-11-27
256,177,757,2,2025-09-29
257,1606,451,1,2026-06-17
258,2035,358,1,2025-09-26
259,2757,37,3,2026-03-23
260,2319,671,3,2026-01-21
261,1437,135,3,2026-01-28
262,1877,30,2,2026-02-08
263,443,838,3,2026-07-05
264,974,858,2,2025-07-20
265,737,474,2,2025-09-21
266,2483,870,1,2025-02-25
267,166,628,1,2025-05-09
268,1553,648,2,2026-04-25
269,848,972,2,2026-02-12
270,848,622,3,2026-02-15
271,171,58,1,2025-01-01
272,1861,877,2,2025-10-25
273,1445,775,1,2025-12-03
274,1257,913,2,2025-05-02
275,2563,124,2,2025-12-04
276,1196,160,2,2025-05-13
277,1626,442,2,2026-06-25
278,2884,496,2,2025-08-25
279,1045,429,2,2026-05-25
280,2964,853,2,2026-01-29
281,2190,184,1,2026-06-24
282,2311,599,3,2026-03-08
283,507,747,3,2025-01-17
284,950,435,2,2026-03-08
285,1234,858,3,2025-02-21
286,1957,688,1,2025-09-19
287,3000,768,3,2026-01-07
288,1286,772,1,2025-02-04
289,2037,679,1,2026-03-25
290,2954,824,3,2025-11-29
291,1135,196,3,2025-04-19
292,2517,583,2,2025-05-03
293,1521,195,3,2026-01-17
294,1364,519,3,2025-11-08
295,2315,300,1,2025-08-28
296,1885,437,1,2025-05-13
297,936,891,2,2025-06-21
298,1926,11,3,2025-04-05
299,172,856,2,2025-12-02
300,626,341,1,2026-03-23
301,2171,178,1,2025-08-03
302,2187,605,1,2025-01-02
303,899,737,3,2026-01-13
304,1456,992,1,2026-01-25
305,2218,340,3,2025-01-26
306,2951,656,3,2025-05-18
307,545,454,1,2025-02-27
308,89,136,1,2025-09-15
309,2111,508,1,2026-05-03
310,1600,325,2,2026-01-04
311,2454,501,1,2025-02-01
312,1259,415,1,2026-03-02
313,631,107,2,2025-05-08
314,1032,437,3,2025-03-14
315,368,587,2,2025-03-03
316,2128,764,1,2025-12-10
317,1774,429,3,2026-04-10
318,1707,173,3,2025-11-27
319,2438,827,1,2026-01-16
320,1441,13,2,2026-03-28
321,684,354,3,2025-07-08
322,473,836,3,2025-06-17
323,928,260,3,2025-08-19
324,692,446,2,2025-01-02
325,2202,788,3,2026-04-14
326,229,937,1,2025-06-15
327,2276,171,2,2026-03-07
328,2270,519,3,2025-07-22
329,1274,71,1,2026-06-11
330,2915,535,2,2026-07-05
331,911,411,2,2025-07-13
332,2436,589,2,2025-07-06
333,1006,54,2,2025-11-11
334,2616,80,1,2025-12-05
335,1465,976,3,2025-11-15
336,1946,992,3,2025-10-22
337,301,412,3,2025-04-14
338,654,305,3,2025-02-20
339,2814,889,1,2025-01-14
340,308,348,2,2026-06-02
341,1345,216,2,2025-10-25
342,1607,930,3,2025-02-09
343,1009,89,1,2025-03-09
344,2142,412,2,2025-05-18
345,497,314,3,2025-01-07
346,2969,654,2,2025-03-17
347,1006,180,2,2026-06-24
348,993,21,1,2025-04-21
349,647,579,3,2026-05-05
350,2085,844,1,2025-12-18
351,350,948,1,2025-03-07
352,2442,789,2,2026-03-04
353,1797,38,1,2025-05-30
354,549,235,3,2026-06-10
355,429,770,2,2026-06-22
356,853,800,1,2025-08-03
357,2648,644,2,2026-01-01
358,1014,857,2,2025-07-08
359,2270,766,2,2025-11-22
360,1116,183,3,2026-05-02
361,907,601,2,2025-12-10
362,2737,922,1,2025-01-06
363,430,85,1,2025-08-27
364,2096,183,1,2025-09-18
365,1822,37,3,2025-05-01
366,2595,315,3,2025-01-08
367,2900,571,2,2025-09-07
368,2638,266,3,2025-12-31
369,1584,301,2,2025-09-24
370,1245,515,3,2025-12-04
371,1784,513,3,2026-06-13
372,159,565,3,2025-04-13
373,2165,886,3,2026-03-05
374,1188,408,2,2025-02-06
375,1642,607,1,2025-06-15
376,1990,36,3,2025-06-04
377,2616,308,2,2026-02-24
378,2901,814,2,2025-06-02
379,2139,683,1,2025-11-12
380,1148,281,2,2025-05-01
381,1307,420,1,2026-02-03
382,437,822,2,2025-12-19
383,2546,221,2,2026-03-20
384,1868,676,2,2025-03-07
385,2397,625,2,2025-07-04
386,148,511,1,2026-06-22
387,1036,424,3,2025-06-06
388,2103,222,2,2025-03-30
389,1235,90,2,2025-12-15
390,2068,870,2,2025-09-04
391,1628,179,2,2026-06-06
392,2998,744,1,2026-01-29
393,1028,625,3,2025-11-08
394,1252,766,2,2025-09-20
395,951,134,2,2025-03-16
396,128,971,1,2025-05-26
397,517,197,3,2026-01-22
398,2269,545,3,2025-11-19
399,2721,254,3,2026-06-17
400,1399,322,3,2025-05-11
401,1601,698,1,2025-01-05
402,2169,906,3,2026-06-08
403,2771,400,1,2026-02-20
404,1210,348,2,2026-05-04
405,2573,524,3,2025-12-31
406,236,323,2,2025-07-19
407,2633,779,1,2025-08-22
408,1913,713,3,2026-02-03
409,905,561,2,2025-07-14
410,1111,50,2,2026-02-05
411,2925,821,3,2025-09-14
412,590,322,1,2025-01-31
413,1749,273,3,2025-10-14
414,1008,578,2,2025-12-27
415,331,334,3,2025-05-25
416,159,816,3,2025-06-08
417,2302,879,1,2026-06-23
418,1106,792,3,2026-05-19
419,1885,535,3,2025-07-20
420,2428,375,1,2025-02-10
421,813,78,1,2025-06-25
422,2029,949,1,2025-05-16
423,849,560,2,2025-05-01
424,315,840,1,2026-05-10
425,2378,174,1,2025-03-10
426,1044,348,3,2025-08-16
427,1595,379,1,2025-06-19
428,264,262,2,2026-04-23
429,2939,455,3,2025-01-13
430,1518,204,1,2025-04-15
431,596,689,1,2026-06-02
432,481,49,2,2026-03-02
433,1737,819,3,2026-02-23
434,2185,77,3,2025-01-01
435,694,718,2,2025-11-20
436,2646,725,1,2025-04-11
437,920,632,1,2025-01-15
438,714,398,2,2025-05-22
439,1128,892,1,2026-01-23
440,2576,424,2,2025-05-23
441,2744,293,3,2025-06-28
442,1452,664,3,2025-05-04
443,88,642,2,2026-06-18
444,2194,150,2,2026-01-03
445,1420,276,3,2026-03-16
446,2451,238,1,2025-11-15
447,2587,772,2,2025-03-02
448,1190,81,1,2025-08-13
449,132,988,3,2025-04-24
450,1412,561,2,2025-07-22
451,1617,657,2,2026-03-10
452,2815,6,1,2025-08-28
453,1259,101,3,2026-06-24
454,895,44,3,2025-02-17
455,2132,454,3,2025-10-29
456,2230,420,2,2026-05-08
457,2303,100,1,2025-07-03
458,2286,190,2,2025-01-07
459,1000,616,2,2025-11-27
460,1540,244,1,2026-02-16
461,2383,493,1,2025-10-18
462,584,719,3,2025-10-10
463,1126,515,3,2026-02-15
464,2457,239,2,2025-01-30
465,979,877,1,2025-08-19
466,2025,885,2,2025-12-05
467,2389,348,3,2025-02-08
468,1656,31,1,2026-03-17
469,1902,49,3,2025-08-13
470,727,198,3,2025-06-17
471,814,32,2,2025-02-14
472,1891,395,2,2026-01-12
473,1780,531,1,2025-11-15
474,2791,54,1,2025-11-22
475,2837,814,2,2025-12-11
476,2691,443,3,2026-04-17
477,311,319,1,2025-03-15
478,1364,382,1,2025-03-02
479,2995,716,3,2025-09-15
480,954,801,3,2026-05-14
481,665,556,2,2025-09-29
482,578,440,1,2025-06-23
483,262,238,2,2025-12-29
484,1710,387,1,2026-02-19
485,2074,512,1,2025-01-06
486,121,625,2,2025-06-18
487,608,359,3,2026-05-20
488,2348,650,2,2026-02-05
489,150,129,3,2026-04-29
490,341,509,2,2025-11-29
491,2595,200,1,2025-07-02
492,1089,681,3,2026-02-03
493,1308,638,3,2025-04-08
494,1075,491,1,2025-07-18
495,194,996,1,2025-03-28
496,1640,757,2,2025-07-22
497,2440,104,1,2025-01-24
498,2923,107,3,2026-04-03
499,317,698,1,2026-04-25
500,518,39,2,2025-11-20
501,1432,161,3,2025-03-12
502,1997,694,1,2025-11-10
503,1399,749,3,2025-04-03
504,2250,255,1,2025-10-29
505,1714,114,3,2026-06-01
506,2354,268,1,2026-05-16
507,377,131,3,2025-01-15
508,2464,747,3,2025-10-23
509,2428,589,2,2025-05-08
510,2190,29,1,2025-04-07
511,1968,106,3,2025-02-26
512,2202,408,1,2026-04-01
513,1739,311,1,2025-07-27
514,904,889,2,2025-02-12
515,1865,173,2,2025-06-15
516,2255,165,1,2026-04-14
517,2939,402,1,2025-04-09
518,2689,984,3,2025-12-14
519,1720,601,3,2026-06-02
520,1089,765,1,2025-10-18
521,1895,377,2,2025-02-12
522,1434,590,2,2025-06-10
523,2659,485,1,2026-03-05
524,1151,685,3,2026-05-21
525,654,989,1,2025-03-15
526,1361,207,1,2026-04-18
527,477,88,2,2025-05-14
528,515,653,1,2025-12-16
529,1203,422,2,2025-08-13
530,287,959,1,2026-03-22
531,2889,687,1,2025-05-08
532,1504,587,2,2025-09-08
533,2691,977,2,2025-09-06
534,1630,366,3,2026-06-25
535,26,650,1,2026-05-03
536,1630,400,2,2026-06-17
537,1193,283,1,2026-07-04
538,305,951,3,2025-01-25
539,2762,263,2,2025-03-10
540,1117,302,2,2026-06-20
541,2068,712,3,2025-02-11
542,1556,908,2,2025-03-10
543,2164,941,1,2026-03-12
544,862,731,3,2025-03-01
545,1080,483,2,2025-09-26
546,2123,359,2,2026-03-15
547,2691,489,1,2025-10-08
548,199,708,1,2025-03-18
549,440,802,3,2026-02-01
550,1892,970,2,2026-07-02
551,2003,274,1,2025-08-04
552,2650,391,1,2025-03-02
553,1943,507,2,2026-06-15
554,35,759,3,2026-03-04
555,419,706,1,2026-04-25
556,100,705,2,2026-07-04
557,1064,556,2,2025-07-09
558,594,736,1,2025-09-28
559,2353,262,1,2025-09-01
560,1227,483,2,2026-05-12
561,935,725,2,2025-08-12
562,2958,7,2,2025-10-04
563,428,861,3,2025-03-26
564,2335,69,1,2025-10-15
565,89,780,1,2025-06-12
566,841,882,1,2025-05-06
567,1095,183,2,2025-09-10
568,346,397,3,2026-02-06
569,701,236,2,2025-01-12
570,730,825,2,2026-07-02
571,1267,983,3,2025-02-20
572,458,675,2,2025-08-15
573,1076,962,1,2026-03-29
574,444,647,3,2026-05-18
575,612,173,3,2025-08-15
576,1481,184,2,2025-10-26
577,1234,670,3,2025-10-22
578,755,214,2,2025-06-24
579,2332,59,1,2025-04-01
580,581,824,3,2026-06-03
581,1974,180,1,2025-12-12
582,2855,432,1,2026-07-03
583,711,845,2,2025-07-12
584,2862,319,3,2025-05-21
585,2985,54,2,2025-09-07
586,1649,508,1,2025-03-20
587,2147,423,1,2025-09-03
588,1047,566,2,2025-12-15
589,344,68,3,2025-10-14
590,717,443,2,2025-02-12
591,2713,393,2,2025-11-20
592,2586,704,3,2025-08-02
593,1830,5,2,2025-07-29
594,563,625,1,2026-03-18
595,1318,222,1,2026-05-15
596,1121,52,1,2025-01-22
597,586,345,2,2025-11-05
598,2323,37,2,2025-05-02
599,2573,628,1,2025-07-11
600,1495,140,2,2026-02-10
601,597,149,2,2025-05-12
602,125,750,1,2025-10-25
603,2813,880,3,2026-02-14
604,420,884,3,2026-05-31
605,1432,531,1,2025-03-01
606,1115,710,1,2025-03-02
607,2263,928,2,2025-04-13
608,1909,663,1,2025-05-23
609,253,678,1,2025-05-04
610,505,240,2,2026-04-07
611,149,931,1,2025-05-26
612,2587,860,2,2025-01-21
613,2102,438,1,2025-06-10
614,2055,388,1,2025-03-23
615,416,596,1,2025-04-02
616,22,619,3,2025-12-24
617,1839,432,1,2026-05-13
618,1487,34,3,2025-07-08
619,1470,78,1,2025-11-02
620,1350,320,2,2026-02-06
621,1661,33,2,2025-01-05
622,1725,712,1,2026-05-23
623,311,453,2,2026-02-22
624,382,877,3,2025-08-21
625,453,879,1,2025-07-29
626,1382,685,1,2026-03-13
627,2607,15,2,2025-01-01
628,1636,24,2,2025-03-26
629,2707,687,3,2025-03-09
630,2604,883,2,2026-06-11
631,729,434,1,2025-11-14
632,1699,104,1,2025-10-06
633,843,444,1,2025-06-17
634,2784,158,3,2025-07-21
635,1122,52,2,2025-08-02
636,825,430,3,2025-11-10
637,1024,530,3,2026-02-10
638,1103,532,3,2026-03-18
639,133,209,3,2026-04-26
640,1957,493,3,2025-10-21
641,714,98,2,2025-02-13
642,1062,429,3,2025-08-04
643,357,11,3,2025-06-27
644,386,379,3,2025-12-21
645,935,727,3,2025-04-14
646,1143,473,1,2025-09-14
647,1391,920,3,2026-06-26
648,67,128,1,2025-03-10
649,571,177,2,2025-04-21
650,2071,943,1,2025-01-25
651,1265,143,3,2025-02-18
652,711,872,3,2025-10-03
653,70,180,1,2026-06-23
654,2452,426,2,2026-02-17
655,471,937,3,2026-06-04
656,745,555,1,2025-10-22
657,1434,530,3,2025-10-30
658,629,995,1,2025-07-10
659,1926,121,3,2026-03-16
660,623,574,3,2025-05-11
661,560,642,2,2026-05-29
662,899,354,1,2026-05-06
663,1015,923,3,2025-06-28
664,2192,962,3,2026-05-19
665,877,456,2,2026-01-17
666,2175,827,2,2025-04-10
667,537,894,2,2025-04-18
668,2134,235,3,2025-05-20
669,1415,137,2,2025-08-08
670,1910,787,3,2026-03-01
671,142,694,3,2025-08-26
672,2005,448,1,2025-09-04
673,2486,878,3,2025-10-11
674,2900,429,3,2025-07-20
675,1262,317,2,2026-06-13
676,2161,956,1,2025-11-27
677,2429,262,1,2026-04-20
678,1987,977,1,2025-03-23
679,1348,670,3,2026-01-30
680,1481,345,2,2025-08-15
681,1337,101,1,2025-09-21
682,1237,971,2,2025-11-30
683,1834,47,1,2025-07-25
684,565,81,3,2025-02-23
685,142,202,1,2025-01-19
686,935,830,1,2026-07-02
687,552,826,1,2025-12-29
688,426,517,2,2025-10-07
689,1667,362,2,2025-07-28
690,597,371,3,2025-06-01
691,759,32,1,2025-10-30
692,794,8,3,2025-02-03
693,1069,10,3,2025-01-29
694,1249,510,1,2025-09-18
695,4,619,2,2025-05-22
696,1317,314,2,2025-10-21
697,273,518,2,2025-03-29
698,2652,881,2,2025-12-05
699,651,117,3,2026-05-06
700,1441,48,1,2026-05-30
701,1260,604,2,2026-01-17
702,1176,345,2,2026-03-29
703,1286,947,3,2026-01-04
704,2350,263,1,2026-01-17
705,2956,695,3,2025-12-07
706,1641,858,2,2026-04-02
707,2741,587,1,2025-10-07
708,191,173,2,2025-07-17
709,1672,384,1,2025-11-26
710,2009,267,1,2026-05-25
711,43,473,1,2025-12-20
712,2341,496,3,2025-09-20
713,624,275,2,2025-07-30
714,2010,754,2,2026-04-07
715,2478,72,3,2025-07-17
716,2604,714,2,2025-01-26
717,2955,35,2,2025-01-30
718,1951,651,1,2025-09-02
719,1474,606,1,2025-11-17
720,2670,784,3,2026-05-24
721,2590,882,3,2025-01-08
722,1824,272,3,2025-04-09
723,2459,196,1,2025-12-19
724,2759,894,2,2025-04-20
725,1534,113,2,2026-02-05
726,169,564,1,2025-12-31
727,942,82,3,2025-11-30
728,799,585,1,2025-06-26
729,966,629,2,2025-04-14
730,1956,167,1,2025-05-26
731,852,441,1,2025-04-28
732,257,29,2,2025-07-09
733,912,311,3,2025-01-16
734,1946,811,1,2026-04-30
735,1404,274,3,2025-05-13
736,147,199,3,2026-01-08
737,1229,305,3,2025-12-12
738,601,335,1,2026-03-30
739,2432,373,3,2026-02-18
740,1213,73,1,2025-07-07
741,249,58,3,2025-11-24
742,1743,139,2,2025-09-13
743,1010,13,2,2025-06-04
744,2228,462,1,2026-04-02
745,1782,354,2,2026-05-25
746,1357,100,3,2025-04-12
747,231,903,3,2025-07-19
748,2550,89,1,2025-07-30
749,1413,285,3,2025-01-04
750,423,450,1,2025-04-04
751,228,617,2,2025-04-20
752,2624,249,2,2025-04-28
753,1682,261,2,2025-10-21
754,644,530,3,2026-02-01
755,2522,636,3,2025-01-22
756,1727,697,2,2025-06-27
757,1603,924,3,2026-03-13
758,1088,912,2,2026-04-17
759,2927,38,2,2025-06-22
760,1898,845,1,2026-04-07
761,738,418,1,2025-12-10
762,207,810,1,2025-08-08
763,1467,802,1,2025-09-09
764,279,762,1,2025-01-17
765,1452,898,3,2025-09-09
766,2570,914,2,2025-08-29
767,2914,715,1,2025-03-12
768,784,17,2,2026-01-09
769,500,585,3,2025-10-31
770,1357,261,3,2026-05-02
771,2276,275,2,2025-09-16
772,2107,74,2,2025-04-20
773,486,678,1,2025-12-20
774,168,38,3,2026-05-09
775,1402,76,1,2026-03-26
776,1274,704,2,2025-03-02
777,928,534,1,2025-03-02
778,1021,950,2,2025-10-06
779,2559,149,2,2026-03-02
780,1914,350,3,2026-03-13
781,2783,787,1,2025-04-27
782,1862,102,2,2025-03-30
783,2423,186,2,2026-03-26
784,2006,126,1,2025-06-12
785,1755,351,3,2025-08-19
786,115,617,1,2025-10-28
787,1468,290,2,2025-10-18
788,1355,773,2,2025-02-09
789,2673,28,1,2026-05-20
790,431,123,3,2026-02-19
791,699,951,2,2025-08-25
792,1473,157,2,2026-06-25
793,2675,745,1,2025-12-23
794,549,512,2,2025-12-21
795,2672,425,1,2025-06-08
796,1040,265,3,2026-04-20
797,670,531,3,2026-06-19
798,1351,617,3,2025-01-23
799,1335,723,1,2025-02-27
800,818,329,2,2026-03-17
801,1595,104,3,2025-04-17
802,1846,145,3,2026-04-27
803,1067,471,3,2025-04-15
804,2987,831,1,2025-07-31
805,1103,490,3,2025-09-06
806,2914,621,3,2025-01-24
807,1595,96,3,2025-11-09
808,342,669,3,2025-07-22
809,2669,35,3,2026-04-19
810,2592,533,3,2025-02-05
811,2151,102,3,2025-06-18
812,364,313,1,2025-09-13
813,2195,844,1,2025-12-16
814,1987,74,2,2026-04-24
815,719,498,3,2025-03-12
816,844,309,3,2025-10-29
817,16,93,3,2026-01-28
818,2244,269,2,2025-06-25
819,1815,95,3,2025-12-07
820,1812,169,1,2025-06-16
821,1719,17,3,2026-01-23
822,1100,1000,3,2025-07-18
823,666,101,3,2025-09-08
824,1749,16,2,2026-06-20
825,590,932,3,2025-06-25
826,205,151,1,2025-06-26
827,1859,911,3,2025-12-25
828,1742,716,1,2026-01-22
829,1427,425,3,2025-05-13
830,94,947,2,2025-03-09
831,2804,344,1,2026-05-25
832,2659,707,3,2025-02-25
833,1137,70,1,2026-03-21
834,429,800,3,2025-11-03
835,1641,983,2,2025-03-20
836,1582,251,1,2025-05-23
837,783,936,3,2026-01-27
838,2212,754,3,2025-03-28
839,737,753,3,2025-08-28
840,1934,811,1,2025-01-07
841,171,438,3,2025-07-04
842,2047,564,2,2026-01-28
843,2562,529,1,2025-09-25
844,2054,58,3,2026-04-16
845,1301,620,3,2026-02-04
846,2818,670,1,2026-02-01
847,1941,519,1,2025-09-07
848,271,187,2,2026-02-06
849,1151,44,2,2025-03-26
850,19,139,1,2025-07-21
851,2485,22,1,2026-06-20
852,546,286,2,2026-06-11
853,1844,963,2,2025-07-27
854,1910,673,2,2026-05-14
855,44,463,1,2026-07-03
856,1971,84,2,2025-10-19
857,1986,372,2,2025-02-11
858,2494,648,1,2025-07-26
859,1727,969,1,2025-08-09
860,1145,613,3,2025-12-16
861,379,339,2,2025-09-18
862,773,26,1,2025-05-25
863,2155,365,1,2026-06-06
864,1947,345,1,2025-11-30
865,2334,488,2,2025-09-19
866,1226,532,1,2025-05-24
867,1594,395,3,2026-02-08
868,870,809,1,2025-12-22
869,1996,471,2,2026-03-28
870,1958,953,1,2025-04-04
871,684,940,1,2025-05-27
872,2877,472,1,2025-08-23
873,2476,388,3,2025-08-08
874,2125,524,1,2025-10-08
875,2734,439,1,2025-11-19
876,2781,817,2,2026-03-30
877,754,597,2,2026-04-24
878,770,300,1,2026-05-09
879,1569,358,2,2026-02-14
880,1152,636,3,2025-02-23
881,1358,321,1,2025-11-10
882,2618,352,1,2025-10-08
883,910,386,3,2026-03-21
884,1844,206,3,2026-02-25
885,1397,622,1,2025-09-01
886,879,614,2,2025-06-08
887,2443,768,3,2025-07-30
888,34,79,1,2025-08-30
889,2562,961,1,2026-06-14
890,981,691,1,2026-05-26
891,2148,731,1,2025-05-17
892,795,911,1,2025-09-17
893,2275,662,3,2026-07-04
894,95,972,3,2025-12-20
895,2640,906,3,2026-04-24
896,2646,185,2,2026-03-26
897,2944,633,2,2025-03-22
898,2038,867,3,2026-03-20
899,2954,95,1,2026-01-31
900,2367,687,1,2026-04-25
901,2937,797,3,2025-07-16
902,332,709,1,2025-09-10
903,2521,224,3,2026-03-12
904,559,835,3,2025-02-12
905,1007,313,3,2025-01-11
906,782,113,2,2025-12-26
907,2412,460,3,2025-04-03
908,2624,724,1,2025-12-28
909,2234,116,1,2026-06-03
910,1715,91,3,2026-02-28
911,1833,661,1,2026-01-10
912,322,136,2,2026-02-03
913,1705,161,2,2026-04-21
914,661,160,2,2026-02-21
915,1553,55,1,2025-03-29
916,2088,885,2,2025-10-23
917,2464,601,2,2025-09-24
918,700,960,2,2026-03-21
919,2201,301,3,2025-06-22
920,676,299,1,2025-12-07
921,1914,535,2,2025-09-28
922,2062,951,2,2026-06-23
923,1847,456,1,2025-07-01
924,921,128,2,2025-04-12
925,1478,477,1,2026-06-03
926,1271,834,1,2026-05-02
927,1599,619,2,2025-10-16
928,1904,964,2,2025-08-01
929,1356,695,3,2025-01-02
930,1900,169,3,2025-12-16
931,1172,621,1,2025-11-25
932,966,72,1,2025-05-08
933,2849,430,3,2025-07-01
934,989,568,1,2026-04-25
935,1150,744,2,2025-02-28
936,2059,115,3,2025-02-17
937,729,910,3,2025-02-15
938,496,525,3,2026-01-10
939,1086,432,3,2025-08-11
940,2093,449,1,2025-11-10
941,2488,469,1,2026-02-03
942,576,276,3,2025-11-25
943,2456,393,1,2025-02-16
944,2798,133,3,2025-02-03
945,2457,705,1,2025-11-27
946,1872,455,2,2025-11-05
947,2628,217,2,2025-01-30
948,1723,484,3,2025-12-19
949,575,429,3,2025-09-15
950,1525,548,3,2025-12-25
951,1262,397,1,2025-05-02
952,570,22,2,2025-08-28
953,2567,774,1,2026-02-19
954,2616,213,2,2025-11-20
955,2392,782,2,2026-06-02
956,2794,738,2,2025-04-19
957,1830,536,2,2025-06-28
958,233,168,1,2026-03-26
959,2212,836,3,2025-11-10
960,406,836,3,2026-03-13
961,487,966,2,2025-07-22
962,2719,988,2,2025-09-27
963,2805,778,2,2025-08-07
964,1946,153,2,2025-04-22
965,901,747,1,2025-10-17
966,524,606,3,2026-04-08
967,808,967,3,2025-08-03
968,68,183,3,2025-02-14
969,995,24,2,2026-04-15
970,1359,966,1,2026-02-28
971,983,202,2,2025-09-02
972,1749,117,3,2025-03-14
973,138,750,3,2025-10-26
974,818,795,3,2025-02-17
975,693,286,1,2025-11-27
976,1273,441,3,2026-03-04
977,2415,427,1,2025-10-18
978,2147,589,2,2025-03-01
979,1989,134,1,2025-03-10
980,2840,378,3,2025-03-15
981,2525,509,3,2025-03-17
982,1632,282,2,2026-02-09
983,1159,249,2,2025-01-28
984,2451,380,1,2025-10-23
985,2281,734,1,2025-10-26
986,2441,208,1,2026-06-09
987,1801,185,2,2025-10-31
988,2319,862,3,2025-07-28
989,38,86,1,2025-07-30
990,1897,592,1,2026-06-21
991,2659,627,3,2025-10-07
992,1223,600,3,2025-05-19
993,1867,969,2,2026-05-04
994,2235,63,2,2025-12-18
995,203,536,2,2026-07-01
996,2982,747,1,2025-12-10
997,1295,169,2,2025-02-13
998,564,269,2,2025-06-11
999,1102,269,1,2025-11-26
1000,2564,208,2,2026-01-22
1001,2411,163,3,2025-12-11
1002,838,660,2,2025-08-05
1003,1956,472,1,2026-05-21
1004,1149,226,3,2026-01-26
1005,1668,114,3,2025-05-03
1006,1541,223,2,2026-03-30
1007,686,140,1,2026-04-12
1008,628,180,3,2026-01-11
1009,2751,778,3,2026-06-20
1010,2102,566,2,2026-02-11
1011,2642,780,3,2026-02-15
1012,1543,833,1,2025-08-07
1013,1544,217,2,2025-01-18
1014,464,603,1,2025-08-24
1015,1799,258,1,2026-05-26
1016,650,451,1,2025-03-08
1017,825,912,3,2026-07-05
1018,741,60,1,2025-04-27
1019,1494,345,2,2025-06-13
1020,1821,602,2,2025-04-26
1021,1206,915,1,2025-03-30
1022,1935,933,1,2025-03-25
1023,1830,422,3,2025-10-25
1024,1150,560,3,2026-03-24
1025,2989,789,2,2025-07-27
1026,2343,342,3,2025-05-19
1027,2387,573,1,2025-06-17
1028,2618,819,1,2026-06-19
1029,29,633,3,2025-03-03
1030,628,747,1,2025-05-05
1031,337,23,1,2026-01-20
1032,451,417,2,2025-06-17
1033,1101,159,1,2025-07-11
1034,1884,874,2,2026-02-24
1035,2539,512,2,2025-01-17
1036,1889,18,1,2025-07-31
1037,651,38,1,2025-04-19
1038,1882,729,2,2026-06-20
1039,2630,82,1,2025-06-16
1040,2416,235,1,2026-05-27
1041,2587,959,3,2025-02-25
1042,1031,82,1,2025-07-20
1043,1240,705,1,2025-10-30
1044,2793,88,2,2025-07-26
1045,2863,700,1,2025-11-13
1046,257,69,2,2025-03-28
1047,2995,815,3,2026-04-27
1048,202,870,3,2025-05-02
1049,2010,932,3,2026-06-16
1050,2943,462,3,2026-03-23
1051,11,454,2,2026-01-03
1052,10,427,2,2026-05-09
1053,2997,913,1,2025-06-14
1054,2044,673,2,2026-05-08
1055,1825,219,2,2025-04-27
1056,2416,193,2,2026-05-08
1057,2268,685,3,2026-05-30
1058,2457,341,2,2025-02-13
1059,2292,43,3,2025-11-19
1060,2750,488,3,2026-03-28
1061,1409,290,1,2026-01-26
1062,23,374,1,2025-01-17
1063,739,660,1,2025-11-15
1064,1771,570,3,2025-07-25
1065,301,375,3,2025-12-01
1066,1963,554,3,2026-01-09
1067,1667,453,2,2025-12-19
1068,665,394,3,2025-11-28
1069,163,533,3,2025-04-09
1070,1826,205,2,2026-05-05
1071,1505,68,3,2025-10-22
1072,2578,802,3,2026-01-08
1073,545,208,2,2026-01-19
1074,1769,371,2,2025-10-08
1075,2710,830,3,2026-02-12
1076,922,266,2,2026-05-09
1077,742,269,1,2025-04-05
1078,1588,781,3,2026-01-23
1079,1951,816,3,2026-04-11
1080,2310,91,1,2026-04-29
1081,2199,348,1,2026-03-16
1082,1143,917,3,2025-10-09
1083,1263,820,2,2026-07-02
1084,2648,878,3,2025-02-10
1085,1828,217,3,2025-01-18
1086,2419,781,3,2025-05-20
1087,1134,74,2,2026-01-17
1088,274,12,3,2026-05-06
1089,1278,930,2,2025-05-15
1090,2279,109,2,2026-01-04
1091,267,373,3,2026-01-07
1092,418,71,3,2025-07-01
1093,386,827,3,2025-07-14
1094,2574,209,2,2026-05-24
1095,263,24,2,2025-03-01
1096,604,617,3,2025-11-26
1097,336,868,1,2026-03-25
1098,776,527,2,2026-03-15
1099,1054,530,2,2026-01-25
1100,350,213,1,2025-01-28
1101,2917,992,1,2026-02-02
1102,2959,89,3,2025-01-10
1103,2041,310,2,2025-09-03
1104,2047,199,3,2026-03-28
1105,1413,1,1,2025-06-20
1106,1504,318,3,2025-08-04
1107,691,652,2,2026-03-20
1108,2497,630,2,2026-01-31
1109,1401,280,2,2025-05-14
1110,2256,353,3,2026-05-18
1111,1704,533,3,2025-07-02
1112,2198,857,2,2026-05-08
1113,2106,749,1,2025-10-21
1114,1733,904,1,2026-05-21
1115,543,357,2,2025-08-01
1116,424,468,1,2025-12-12
1117,2771,290,3,2025-08-27
1118,270,542,3,2025-11-24
1119,768,535,3,2025-10-17
1120,1535,410,1,2026-05-18
1121,795,865,2,2025-01-04
1122,63,507,1,2026-02-11
1123,2415,932,1,2025-09-25
1124,1377,364,1,2026-02-16
1125,1855,547,3,2026-04-08
1126,831,199,3,2026-03-07
1127,2875,724,2,2025-11-16
1128,2899,198,2,2025-06-11
1129,213,614,1,2026-06-10
1130,636,607,1,2026-01-28
1131,1321,494,2,2026-05-16
1132,2689,25,1,2025-12-03
1133,765,450,1,2026-04-08
1134,2050,301,2,2025-04-21
1135,1904,626,3,2026-03-02
1136,2149,882,1,2025-03-30
1137,1695,307,1,2025-08-08
1138,102,392,3,2025-06-07
1139,1674,292,1,2026-04-06
1140,2845,999,2,2025-03-04
1141,1185,741,1,2025-11-29
1142,1833,866,2,2026-02-01
1143,1161,67,1,2026-02-26
1144,932,344,2,2026-01-30
1145,710,110,2,2025-07-13
1146,1948,738,1,2025-04-30
1147,2902,312,1,2025-10-19
1148,1261,343,2,2025-05-25
1149,555,674,2,2025-04-22
1150,2085,956,1,2026-02-06
1151,2469,802,1,2025-01-20
1152,264,599,1,2025-01-02
1153,1173,908,3,2025-03-22
1154,1592,253,2,2026-03-29
1155,1666,196,3,2025-02-21
1156,2063,917,1,2026-04-06
1157,602,427,2,2025-07-08
1158,1641,135,1,2025-02-04
1159,2094,757,3,2025-12-30
1160,1697,668,1,2025-08-16
1161,2660,140,1,2025-01-03
1162,573,72,3,2026-02-16
1163,769,679,1,2026-03-11
1164,1544,783,1,2025-02-03
1165,98,579,2,2025-08-25
1166,2448,580,1,2026-04-11
1167,940,840,2,2025-07-14
1168,1341,114,3,2025-08-21
1169,1031,161,3,2025-03-25
1170,1806,982,3,2025-04-28
1171,1518,907,1,2025-05-02
1172,920,928,2,2026-03-24
1173,1880,539,1,2026-06-17
1174,2834,402,3,2025-02-11
1175,850,586,1,2025-02-04
1176,1357,631,3,2026-03-23
1177,76,155,1,2026-01-14
1178,215,709,3,2025-11-02
1179,74,523,3,2025-09-23
1180,1216,741,3,2025-11-14
1181,1979,754,2,2025-04-11
1182,2169,539,1,2025-06-22
1183,2468,851,1,2025-02-06
1184,746,106,3,2025-08-31
1185,37,859,2,2026-06-18
1186,1394,292,1,2025-10-19
1187,2228,431,2,2025-02-15
1188,2635,733,3,2025-02-08
1189,120,887,2,2026-06-05
1190,2191,908,2,2026-04-02
1191,2629,386,2,2026-04-03
1192,65,394,2,2025-05-27
1193,1152,260,2,2026-02-17
1194,1602,231,2,2026-06-04
1195,279,45,1,2026-01-07
1196,1284,207,1,2025-09-06
1197,466,873,3,2026-04-11
1198,2949,821,1,2025-01-29
1199,1228,292,3,2025-08-11
1200,2850,109,3,2026-02-23
1201,1508,448,3,2026-04-25
1202,2689,681,3,2026-04-28
1203,916,401,3,2026-06-19
1204,2593,472,3,2025-07-02
1205,2450,550,2,2026-06-13
1206,1071,489,1,2026-03-12
1207,485,564,3,2025-01-21
1208,2531,669,2,2025-04-19
1209,639,649,1,2025-03-24
1210,1835,944,1,2025-05-30
1211,2604,64,2,2025-05-28
1212,5,422,1,2026-05-28
1213,268,393,1,2025-12-20
1214,232,703,3,2025-11-02
1215,2424,981,1,2026-06-27
1216,1903,385,2,2026-03-14
1217,2303,932,3,2025-04-24
1218,904,656,3,2025-03-16
1219,207,428,3,2026-03-28
1220,406,421,1,2025-12-06
1221,457,945,2,2026-06-20
1222,1818,681,3,2026-04-09
1223,1542,313,2,2026-04-13
1224,2542,92,1,2026-03-23
1225,2955,545,1,2026-02-26
1226,1177,892,1,2025-04-09
1227,152,559,1,2025-12-17
1228,1417,923,3,2025-06-27
1229,2617,213,2,2025-03-20
1230,2434,761,3,2026-07-05
1231,2985,38,2,2026-03-25
1232,972,252,1,2025-03-14
1233,1946,227,1,2025-01-30
1234,264,987,3,2025-04-19
1235,2158,822,2,2025-12-31
1236,1756,57,3,2025-11-23
1237,1375,161,1,2025-02-05
1238,1618,355,1,2025-04-09
1239,1382,736,2,2026-02-13
1240,1543,303,1,2026-06-04
1241,2788,282,1,2025-05-30
1242,1826,607,1,2026-05-03
1243,199,19,3,2025-06-27
1244,150,745,2,2026-02-04
1245,1298,127,1,2026-02-21
1246,251,526,3,2025-07-30
1247,2510,652,2,2026-06-09
1248,2268,842,2,2026-03-31
1249,1570,49,2,2025-01-19
1250,2453,573,2,2026-06-12
1251,232,841,3,2025-11-09
1252,1915,275,1,2026-06-10
1253,1878,449,3,2026-01-28
1254,2318,469,1,2025-07-16
1255,2971,163,2,2025-05-28
1256,2765,46,3,2025-10-05
1257,52,69,3,2026-03-02
1258,310,824,2,2025-10-03
1259,525,346,1,2026-04-28
1260,2225,492,1,2025-07-01
1261,1341,436,2,2025-06-02
1262,1998,873,2,2025-02-06
1263,2175,117,2,2025-04-14
1264,2715,111,3,2026-06-13
1265,2438,402,2,2025-08-28
1266,2129,102,3,2025-06-23
1267,1534,744,3,2025-05-09
1268,145,906,2,2025-03-01
1269,2874,51,2,2026-04-07
1270,1915,232,3,2025-05-05
1271,515,783,3,2026-06-24
1272,705,217,1,2025-05-11
1273,2546,465,2,2025-01-04
1274,1155,523,3,2025-04-11
1275,2381,37,1,2026-06-08
1276,956,750,1,2025-12-09
1277,1050,453,2,2025-11-16
1278,173,199,3,2025-04-14
1279,614,670,1,2025-04-15
1280,294,385,2,2026-04-06
1281,2338,814,1,2025-07-24
1282,2463,801,1,2025-03-29
1283,2552,628,2,2025-05-05
1284,2706,800,3,2025-03-25
1285,1539,414,3,2025-05-25
1286,1923,164,2,2026-04-07
1287,1106,899,1,2026-03-14
1288,2185,252,2,2025-10-02
1289,2247,457,2,2026-02-13
1290,1672,595,1,2025-01-06
1291,1775,233,3,2025-07-24
1292,2558,834,3,2025-09-04
1293,746,968,3,2025-09-13
1294,2370,72,2,2026-02-04
1295,2026,990,1,2025-03-02
1296,1652,252,1,2025-02-24
1297,1025,979,1,2025-11-18
1298,186,430,1,2025-02-09
1299,1138,312,3,2025-05-27
1300,453,819,3,2025-01-31
1301,2136,807,1,2026-02-28
1302,314,65,3,2026-01-05
1303,4,864,3,2025-10-27
1304,2512,267,1,2025-02-18
1305,2032,626,2,2026-06-02
1306,1969,74,3,2025-05-08
1307,1808,400,1,2026-05-07
1308,2604,121,2,2026-04-23
1309,858,886,2,2025-12-23
1310,1125,613,3,2025-01-06
1311,2215,231,3,2026-03-13
1312,395,114,3,2025-11-29
1313,109,603,2,2025-10-01
1314,563,407,1,2025-12-16
1315,1688,76,3,2025-03-07
1316,29,840,1,2025-03-31
1317,2614,170,1,2025-02-19
1318,1621,214,1,2026-02-13
1319,183,854,3,2025-07-29
1320,1545,692,3,2026-06-19
1321,1420,267,2,2025-12-18
1322,1399,331,1,2025-07-20
1323,1545,297,1,2025-07-01
1324,861,344,1,2025-04-04
1325,1621,815,2,2025-06-13
1326,2504,969,2,2025-11-12
1327,2822,76,3,2025-02-02
1328,2823,952,2,2025-10-15
1329,2005,159,1,2025-05-24
1330,667,101,3,2025-03-07
1331,2388,923,2,2026-02-10
1332,1351,893,2,2025-09-19
1333,1419,223,2,2025-05-14
1334,1102,88,3,2025-02-03
1335,1426,845,3,2026-01-29
1336,547,860,3,2025-02-10
1337,729,944,3,2025-04-27
1338,2434,905,2,2025-10-22
1339,2119,409,2,2025-12-11
1340,555,496,3,2025-11-04
1341,1925,966,1,2026-02-26
1342,1085,419,3,2025-10-03
1343,1878,575,2,2025-12-26
1344,2596,752,2,2026-05-04
1345,2069,654,1,2026-03-08
1346,86,1,2,2025-01-12
1347,1465,745,2,2025-07-12
1348,996,529,3,2025-02-13
1349,2601,816,1,2025-02-04
1350,221,113,1,2025-04-02
1351,2221,459,2,2026-07-03
1352,2607,91,2,2025-09-25
1353,2236,515,3,2025-10-26
1354,2046,696,2,2025-10-29
1355,1828,577,1,2025-07-07
1356,327,875,1,2025-07-23
1357,485,180,2,2025-03-13
1358,1252,350,2,2026-05-07
1359,1448,72,1,2025-01-27
1360,2878,210,2,2025-07-24
1361,316,698,1,2025-08-18
1362,1627,856,3,2025-01-23
1363,2230,422,1,2025-03-20
1364,2287,552,2,2025-05-03
1365,307,820,1,2026-03-17
1366,518,927,2,2026-05-29
1367,2102,760,2,2025-04-08
1368,192,108,2,2025-01-26
1369,2919,247,1,2026-05-21
1370,1918,781,3,2025-06-19
1371,2729,901,1,2025-09-11
1372,2347,734,2,2025-11-07
1373,443,697,1,2025-04-16
1374,2388,273,2,2025-04-13
1375,2097,688,3,2025-09-14
1376,587,837,3,2025-06-04
1377,1305,206,3,2025-09-30
1378,800,127,2,2025-05-20
1379,2379,223,3,2025-02-24
1380,2120,888,3,2025-12-19
1381,564,294,1,2025-06-09
1382,29,285,2,2026-06-09
1383,652,774,3,2025-11-23
1384,1974,423,1,2025-10-18
1385,1553,362,3,2026-02-08
1386,1197,456,1,2025-12-02
1387,1065,581,2,2026-01-18
1388,2968,739,3,2026-05-03
1389,951,413,3,2025-01-14
1390,2640,426,1,2025-12-04
1391,774,104,1,2025-04-14
1392,2914,551,2,2026-06-19
1393,301,668,3,2026-03-23
1394,2176,729,2,2025-07-28
1395,1777,249,2,2026-02-12
1396,2275,455,1,2025-07-31
1397,1185,583,2,2026-05-09
1398,2390,370,3,2025-05-08
1399,1331,673,2,2025-06-05
1400,51,553,1,2026-06-06
1401,1957,251,2,2025-11-13
1402,2760,701,3,2026-07-04
1403,122,349,2,2025-08-08
1404,76,670,2,2025-07-19
1405,1774,70,1,2025-03-07
1406,907,160,3,2026-06-16
1407,86,174,2,2025-06-30
1408,510,135,2,2025-03-22
1409,126,32,2,2025-12-05
1410,926,486,3,2026-06-26
1411,946,745,2,2025-06-15
1412,784,836,1,2025-12-01
1413,702,623,1,2025-08-30
1414,1550,202,1,2026-06-25
1415,823,401,2,2026-05-12
1416,1251,412,1,2025-12-03
1417,1252,106,1,2025-12-15
1418,1052,681,2,2025-01-26
1419,2457,552,2,2025-11-07
1420,1462,831,3,2025-10-04
1421,1580,721,1,2025-08-29
1422,670,158,2,2026-01-03
1423,1296,360,1,2025-10-12
1424,2630,842,3,2026-04-07
1425,1540,221,1,2025-12-19
1426,1268,452,3,2025-11-05
1427,726,878,3,2026-05-27
1428,763,171,2,2026-03-01
1429,1912,501,2,2025-11-11
1430,2575,24,1,2025-05-16
1431,1805,194,1,2025-09-16
1432,2216,886,3,2025-05-22
1433,557,581,2,2026-03-25
1434,1782,72,1,2025-03-24
1435,1226,961,3,2025-03-08
1436,2604,739,2,2026-02-25
1437,911,448,1,2025-10-20
1438,2895,821,2,2026-05-21
1439,2897,153,1,2025-04-09
1440,1405,93,3,2025-11-06
1441,688,380,1,2025-02-23
1442,1413,317,3,2025-06-28
1443,391,303,2,2026-03-11
1444,2822,537,1,2025-03-11
1445,1227,34,2,2025-05-25
1446,636,729,1,2025-04-07
1447,2890,59,2,2025-05-25
1448,2478,405,3,2025-03-15
1449,1527,435,2,2025-07-02
1450,1023,459,3,2025-07-07
1451,1798,435,3,2025-07-24
1452,2720,52,1,2026-03-27
1453,1134,764,2,2025-02-01
1454,2320,836,3,2026-05-16
1455,2421,257,3,2025-10-16
1456,507,119,1,2025-08-28
1457,482,237,2,2026-03-14
1458,526,352,2,2025-03-07
1459,1752,819,2,2025-05-28
1460,653,970,3,2026-05-28
1461,2639,927,1,2025-06-21
1462,1747,170,2,2025-02-08
1463,185,326,3,2026-04-22
1464,2655,346,1,2026-03-16
1465,1301,497,1,2026-04-12
1466,2057,533,3,2025-04-12
1467,1845,853,2,2025-03-11
1468,897,488,1,2025-08-27
1469,852,63,1,2025-06-20
1470,1615,651,1,2025-09-26
1471,1874,384,3,2025-11-03
1472,1934,829,3,2026-04-09
1473,1247,134,3,2025-10-13
1474,24,619,3,2025-02-20
1475,2541,684,1,2026-03-03
1476,2135,200,3,2025-08-21
1477,2087,861,2,2026-04-18
1478,1920,808,2,2026-01-13
1479,427,195,1,2025-04-10
1480,789,666,2,2026-02-21
1481,129,298,2,2025-04-28
1482,1617,419,2,2026-05-11
1483,479,927,3,2026-03-04
1484,1785,342,1,2026-04-18
1485,2634,634,1,2025-09-25
1486,546,857,1,2025-03-23
1487,244,162,2,2026-02-01
1488,1648,510,1,2025-10-27
1489,66,514,3,2026-03-21
1490,1909,776,2,2025-12-22
1491,322,273,2,2026-01-10
1492,676,815,3,2025-05-02
1493,2962,442,2,2025-03-01
1494,2837,134,2,2026-07-03
1495,2053,317,3,2026-03-25
1496,1730,396,3,2026-04-30
1497,159,991,3,2025-05-22
1498,948,950,3,2025-06-28
1499,1062,76,1,2025-11-23
1500,1435,807,2,2025-04-28
1501,96,217,1,2026-06-11
1502,282,819,3,2025-05-15
1503,759,229,2,2026-05-11
1504,2731,114,2,2025-12-21
1505,2818,407,2,2026-02-10
1506,656,427,2,2025-06-01
1507,2013,618,1,2026-02-09
1508,1216,902,2,2025-04-05
1509,953,858,2,2025-06-25
1510,2173,939,1,2025-01-02
1511,2747,231,1,2025-06-25
1512,1836,699,1,2026-01-06
1513,1009,802,3,2025-06-05
1514,1808,237,3,2025-05-25
1515,1025,55,3,2025-12-01
1516,2771,237,2,2025-10-22
1517,986,88,1,2025-02-20
1518,163,251,1,2025-02-27
1519,2485,316,2,2025-01-08
1520,1331,707,1,2025-04-27
1521,1888,907,2,2026-01-24
1522,2058,64,3,2025-12-07
1523,1217,865,1,2025-09-05
1524,2390,288,3,2026-01-09
1525,1328,543,1,2025-06-28
1526,2165,989,1,2026-04-22
1527,2470,123,3,2026-05-23
1528,429,517,1,2025-01-25
1529,448,581,2,2025-08-30
1530,429,913,2,2025-08-01
1531,1597,333,2,2025-06-08
1532,1004,68,1,2026-04-29
1533,784,703,3,2025-04-29
1534,1251,896,3,2026-04-20
1535,2443,11,3,2026-03-09
1536,2167,311,1,2025-02-17
1537,2333,915,3,2025-04-03
1538,2609,397,2,2026-04-27
1539,2137,60,1,2026-06-10
1540,262,376,1,2025-03-17
1541,1274,962,3,2026-04-26
1542,2081,677,3,2026-06-11
1543,794,449,2,2026-01-04
1544,2863,848,2,2025-07-12
1545,2701,129,1,2025-01-25
1546,2761,111,1,2026-01-16
1547,1858,547,3,2026-05-25
1548,1370,849,1,2025-06-28
1549,2369,947,1,2025-12-29
1550,2836,879,2,2025-05-01
1551,2163,494,3,2025-10-24
1552,66,117,3,2025-08-18
1553,920,885,3,2026-03-04
1554,146,748,2,2025-02-14
1555,146,312,2,2025-11-12
1556,1444,188,3,2026-04-18
1557,992,259,1,2025-08-26
1558,1413,130,2,2026-04-19
1559,455,771,1,2025-04-04
1560,2267,153,1,2026-06-29
1561,950,359,2,2025-01-27
1562,2796,510,3,2025-12-01
1563,2420,126,3,2025-08-01
1564,1233,124,3,2025-01-08
1565,1530,545,2,2025-01-23
1566,1441,469,1,2025-01-25
1567,1825,160,1,2026-06-22
1568,236,757,2,2025-07-08
1569,193,72,2,2025-08-01
1570,2006,438,3,2025-12-12
1571,134,329,3,2025-01-12
1572,433,991,2,2025-09-23
1573,422,10,3,2026-01-12
1574,2507,182,2,2026-01-10
1575,652,699,1,2025-04-23
1576,797,657,2,2026-04-16
1577,1921,327,1,2025-08-05
1578,271,453,1,2026-02-17
1579,581,711,3,2026-01-28
1580,2985,814,1,2025-10-28
1581,464,395,2,2025-03-24
1582,647,408,2,2025-06-17
1583,1424,527,1,2026-05-17
1584,838,292,2,2026-01-01
1585,2236,989,2,2025-04-27
1586,534,380,2,2025-03-06
1587,1766,632,3,2025-05-25
1588,2424,602,3,2026-05-28
1589,105,30,2,2025-05-27
1590,222,153,2,2025-01-25
1591,2011,385,2,2026-04-19
1592,532,671,3,2026-01-05
1593,2207,134,2,2025-03-01
1594,1506,674,3,2025-07-27
1595,2287,941,1,2026-03-01
1596,309,10,1,2026-02-28
1597,319,759,1,2025-02-01
1598,1128,908,3,2025-11-03
1599,1948,586,3,2026-01-20
1600,1589,189,1,2025-07-10
1601,1125,106,2,2026-01-02
1602,1715,101,3,2025-01-10
1603,2064,92,1,2025-03-15
1604,2000,988,3,2025-05-25
1605,1677,140,1,2026-01-22
1606,2661,640,1,2025-12-31
1607,1779,798,2,2025-06-12
1608,661,715,3,2026-05-22
1609,681,863,1,2025-03-30
1610,1839,989,1,2025-01-22
1611,706,908,2,2025-12-21
1612,2302,457,3,2025-04-27
1613,1699,414,2,2025-02-09
1614,2857,916,2,2026-01-09
1615,2686,211,2,2025-12-27
1616,177,243,2,2026-02-16
1617,2000,504,3,2025-12-26
1618,2187,513,1,2025-11-13
1619,1347,272,1,2025-03-18
1620,1398,130,2,2026-03-04
1621,830,898,3,2025-09-12
1622,1177,467,3,2025-08-11
1623,431,422,3,2026-05-21
1624,461,876,3,2025-05-13
1625,1307,34,3,2026-04-13
1626,60,85,1,2026-05-15
1627,2521,709,1,2025-03-23
1628,2348,628,1,2025-04-30
1629,586,721,1,2025-06-08
1630,1776,865,2,2025-01-24
1631,64,454,2,2025-09-16
1632,2076,242,3,2025-01-06
1633,1949,283,3,2025-05-17
1634,2559,34,1,2025-05-06
1635,2720,873,2,2025-11-15
1636,2115,391,1,2026-06-03
1637,1154,555,2,2025-09-01
1638,1367,163,1,2026-01-20
1639,2376,242,3,2025-09-12
1640,20,914,1,2025-05-27
1641,1679,579,1,2025-05-25
1642,2089,196,1,2025-03-31
1643,1174,238,3,2025-07-17
1644,725,743,3,2026-02-08
1645,2474,797,2,2026-06-19
1646,2838,74,3,2025-08-19
1647,795,473,3,2026-02-25
1648,2354,167,1,2025-06-30
1649,1044,76,1,2025-01-06
1650,1364,728,1,2026-05-24
1651,1118,47,1,2025-08-11
1652,2436,415,1,2026-04-17
1653,881,659,3,2025-11-26
1654,1653,930,2,2025-09-25
1655,384,800,2,2025-10-07
1656,2405,265,3,2025-09-21
1657,1998,992,1,2026-02-09
1658,1396,20,3,2025-03-27
1659,23,238,1,2026-03-14
1660,1346,238,3,2026-01-28
1661,2376,436,1,2025-04-03
1662,377,601,2,2025-04-25
1663,378,971,3,2025-04-15
1664,62,216,2,2025-11-16
1665,840,48,2,2026-03-20
1666,1168,5,1,2025-08-08
1667,2767,203,1,2025-08-02
1668,970,839,2,2025-02-04
1669,2384,202,3,2026-04-23
1670,979,165,1,2025-08-05
1671,2988,14,2,2025-07-28
1672,1349,373,3,2025-05-22
1673,2454,163,3,2025-03-07
1674,1295,630,3,2026-06-29
1675,2345,859,1,2026-02-13
1676,728,948,3,2026-03-07
1677,236,366,3,2025-06-24
1678,1053,137,3,2025-10-27
1679,1783,487,3,2025-01-24
1680,1730,659,3,2025-02-26
1681,738,89,1,2026-02-11
1682,1812,866,3,2026-01-24
1683,1604,386,2,2025-07-25
1684,1243,472,2,2025-12-24
1685,1506,953,1,2025-07-07
1686,354,114,3,2025-10-31
1687,2041,317,3,2025-10-15
1688,965,45,1,2025-05-14
1689,1564,811,3,2025-01-07
1690,2934,766,2,2026-01-07
1691,2513,668,1,2025-11-18
1692,345,323,1,2026-01-11
1693,328,917,2,2025-10-02
1694,2070,550,3,2025-03-08
1695,1752,691,3,2026-02-22
1696,2732,450,1,2025-09-23
1697,2323,8,2,2026-02-15
1698,1427,423,2,2025-08-24
1699,1396,55,1,2025-03-01
1700,2519,833,3,2026-05-11
1701,130,990,1,2026-01-24
1702,357,642,1,2025-08-29
1703,1361,815,2,2026-05-02
1704,2605,396,1,2025-01-11
1705,2578,626,2,2025-06-16
1706,1610,536,1,2026-04-05
1707,320,28,3,2025-02-19
1708,655,103,1,2025-01-27
1709,2924,512,2,2025-08-27
1710,2802,283,1,2025-09-26
1711,70,938,1,2025-12-25
1712,327,458,1,2025-03-27
1713,842,444,3,2025-06-03
1714,1599,49,1,2025-09-14
1715,999,491,3,2026-05-26
1716,2587,47,3,2025-07-09
1717,561,492,3,2025-05-12
1718,1426,89,3,2025-05-06
1719,1540,879,3,2026-04-15
1720,1926,178,1,2025-11-01
1721,1099,658,2,2026-04-15
1722,1701,406,2,2025-09-19
1723,21,58,2,2026-05-20
1724,2133,380,2,2025-05-28
1725,297,828,2,2026-06-29
1726,1406,528,1,2025-05-11
1727,2529,837,3,2025-04-24
1728,222,386,3,2026-04-30
1729,734,885,2,2026-06-17
1730,1625,673,2,2025-04-21
1731,2009,538,1,2025-11-19
1732,1297,440,2,2025-03-28
1733,2393,48,3,2025-04-29
1734,1425,508,3,2026-07-05
1735,2264,906,1,2025-09-10
1736,57,898,2,2025-05-06
1737,2767,997,1,2026-03-02
1738,364,508,2,2025-10-15
1739,749,829,1,2025-04-10
1740,2343,295,3,2026-01-12
1741,1027,926,2,2026-03-10
1742,2679,508,2,2026-05-23
1743,38,847,3,2026-07-05
1744,2308,290,3,2025-07-10
1745,697,830,3,2026-06-07
1746,2421,194,2,2025-11-17
1747,972,349,1,2026-01-05
1748,2139,354,3,2025-07-27
1749,195,344,1,2026-06-07
1750,1227,371,1,2025-12-16
1751,710,985,3,2026-01-07
1752,137,564,3,2025-03-07
1753,1330,863,1,2026-05-05
1754,280,154,2,2025-02-08
1755,1183,505,3,2025-09-10
1756,1032,812,3,2025-08-05
1757,1383,786,3,2025-02-01
1758,680,842,1,2025-01-20
1759,2458,960,1,2026-03-17
1760,1631,163,3,2026-02-15
1761,1571,304,2,2025-04-17
1762,773,45,1,2025-06-01
1763,2923,913,1,2026-03-08
1764,1258,255,1,2025-10-04
1765,2507,675,2,2025-11-21
1766,142,461,2,2025-01-26
1767,1914,295,2,2026-03-17
1768,89,852,1,2025-09-14
1769,1425,679,1,2026-07-01
1770,1804,438,2,2025-02-15
1771,2119,659,2,2025-07-22
1772,1277,138,1,2025-12-03
1773,652,75,1,2025-03-08
1774,1676,820,2,2026-03-06
1775,1188,731,2,2025-02-21
1776,2940,288,3,2025-08-20
1777,1461,495,1,2025-01-18
1778,376,624,2,2025-07-06
1779,2592,761,2,2025-07-02
1780,608,558,1,2026-04-09
1781,847,96,2,2025-03-13
1782,718,190,1,2025-12-02
1783,1214,866,3,2025-10-06
1784,2747,687,3,2025-04-30
1785,2565,665,2,2025-12-16
1786,261,657,3,2025-11-17
1787,2144,562,1,2025-10-22
1788,1789,196,2,2026-03-01
1789,512,952,1,2026-02-03
1790,1633,978,1,2026-03-08
1791,2728,928,1,2025-02-11
1792,512,822,3,2026-04-16
1793,331,704,2,2025-06-13
1794,2829,366,3,2025-07-10
1795,2541,623,3,2025-12-09
1796,22,448,2,2026-03-06
1797,745,872,2,2025-11-16
1798,2379,81,3,2025-03-18
1799,2754,725,3,2025-02-02
1800,2678,156,1,2025-10-23
1801,2783,973,3,2025-06-20
1802,894,609,1,2025-01-15
1803,1705,863,3,2025-05-08
1804,344,200,1,2026-01-27
1805,2121,355,3,2026-03-02
1806,1034,453,3,2026-04-23
1807,108,672,2,2025-02-22
1808,2613,363,1,2025-04-27
1809,2333,957,3,2026-07-02
1810,596,817,3,2025-05-19
1811,961,231,2,2025-07-10
1812,2532,707,3,2025-08-02
1813,777,843,3,2025-12-23
1814,1511,857,2,2026-06-21
1815,2887,911,3,2025-12-19
1816,978,926,3,2026-06-12
1817,609,901,3,2025-06-24
1818,2726,388,3,2026-05-20
1819,1746,10,3,2025-02-21
1820,2237,652,2,2025-09-07
1821,2806,85,2,2025-09-26
1822,1573,73,2,2026-04-10
1823,1525,611,1,2025-12-31
1824,2161,211,2,2026-04-21
1825,2543,474,3,2025-06-01
1826,1060,125,1,2026-02-22
1827,1889,963,3,2025-01-30
1828,2179,920,2,2025-05-17
1829,573,219,2,2025-08-10
1830,477,693,1,2026-03-02
1831,2424,832,2,2026-04-30
1832,567,726,1,2025-06-23
1833,2681,907,2,2026-05-29
1834,205,307,1,2025-08-08
1835,1503,632,2,2026-05-22
1836,1583,984,3,2025-12-11
1837,860,144,3,2025-05-31
1838,2366,266,3,2025-03-04
1839,2508,953,1,2025-07-26
1840,930,61,1,2025-03-10
1841,905,370,3,2025-10-11
1842,1501,922,1,2026-06-10
1843,1306,805,2,2026-02-20
1844,2565,513,2,2025-06-16
1845,1383,490,2,2025-09-22
1846,1748,738,3,2025-08-14
1847,2964,9,3,2025-12-31
1848,784,618,1,2025-04-03
1849,2640,238,2,2025-06-13
1850,619,673,1,2026-03-06
1851,686,980,1,2026-04-14
1852,1108,574,3,2025-02-22
1853,1060,755,3,2026-01-17
1854,758,855,1,2025-01-14
1855,530,769,2,2025-03-15
1856,1586,413,3,2025-06-29
1857,1432,653,3,2025-01-03
1858,291,673,2,2025-12-17
1859,16,175,1,2025-09-30
1860,981,213,3,2025-06-24
1861,444,30,3,2025-05-06
1862,2938,788,2,2025-03-29
1863,867,412,3,2025-08-28
1864,269,187,1,2026-06-16
1865,2789,450,1,2026-05-30
1866,2652,89,3,2025-09-02
1867,1448,849,2,2026-06-23
1868,2254,935,2,2025-07-05
1869,2811,579,2,2025-12-28
1870,381,468,2,2026-05-09
1871,2236,481,3,2025-10-08
1872,2304,352,2,2025-01-20
1873,2472,456,2,2026-04-03
1874,1783,897,3,2025-05-08
1875,1215,440,3,2025-05-23
1876,1147,604,1,2025-08-07
1877,2282,516,1,2025-10-10
1878,573,756,2,2025-07-31
1879,154,741,1,2026-03-01
1880,1110,310,2,2026-06-07
1881,1726,742,1,2025-08-14
1882,2923,892,1,2026-03-24
1883,1383,825,3,2025-09-13
1884,528,567,3,2026-01-04
1885,696,397,3,2026-02-15
1886,743,926,2,2025-11-23
1887,2187,557,3,2025-09-15
1888,2877,559,3,2026-02-27
1889,1558,222,1,2025-04-13
1890,702,866,3,2026-05-05
1891,1004,564,2,2025-01-18
1892,732,977,3,2025-12-29
1893,668,222,3,2025-09-13
1894,2999,68,2,2025-01-04
1895,2029,122,2,2025-11-27
1896,2092,597,2,2025-07-29
1897,2231,213,3,2025-05-01
1898,1983,274,1,2025-01-24
1899,1397,319,2,2025-11-16
1900,2799,708,1,2025-10-05
1901,2817,705,3,2026-02-08
1902,2807,865,2,2025-01-26
1903,91,64,2,2025-06-09
1904,1332,395,3,2026-05-09
1905,1325,284,1,2025-12-22
1906,1708,308,3,2025-04-11
1907,2385,442,1,2025-11-22
1908,108,441,2,2025-11-22
1909,2179,672,1,2025-12-20
1910,772,233,3,2025-12-17
1911,91,589,2,2025-11-08
1912,2421,745,2,2025-09-19
1913,2440,749,3,2025-11-12
1914,284,829,2,2025-09-29
1915,1062,778,2,2026-02-24
1916,833,415,2,2025-08-10
1917,975,569,1,2025-04-18
1918,2610,306,2,2025-08-04
1919,2661,942,1,2025-06-30
1920,2085,46,3,2025-10-23
1921,2465,174,2,2026-05-18
1922,1533,668,1,2026-01-16
1923,580,761,3,2026-01-31
1924,1955,393,2,2025-09-14
1925,1392,80,1,2025-08-29
1926,1142,930,3,2025-05-24
1927,2201,930,3,2025-08-06
1928,429,127,3,2025-03-08
1929,2372,156,2,2026-06-11
1930,577,738,1,2025-09-18
1931,618,404,2,2026-02-21
1932,1109,745,3,2025-01-31
1933,2439,204,2,2025-04-23
1934,2392,411,3,2026-02-10
1935,751,679,2,2026-03-29
1936,1979,291,1,2026-03-23
1937,502,308,1,2025-12-07
1938,2578,922,3,2025-12-26
1939,1399,21,3,2025-09-26
1940,2948,67,3,2025-08-16
1941,870,124,1,2026-01-23
1942,1082,988,2,2025-06-30
1943,2032,273,2,2026-03-01
1944,2623,987,2,2025-09-21
1945,1611,78,3,2025-11-04
1946,1266,471,1,2026-06-07
1947,2145,344,1,2025-01-14
1948,554,258,2,2025-08-29
1949,2082,108,3,2025-11-08
1950,774,242,2,2026-01-04
1951,135,598,2,2025-01-02
1952,2631,187,2,2025-01-10
1953,1942,610,3,2026-01-02
1954,2576,691,1,2026-03-11
1955,1387,388,1,2026-06-28
1956,1569,851,1,2025-07-31
1957,1629,911,3,2026-05-01
1958,1702,425,1,2025-03-07
1959,1143,119,3,2026-05-25
1960,1107,895,1,2025-11-18
1961,1622,635,2,2025-04-19
1962,752,941,3,2026-01-14
1963,96,463,2,2026-06-04
1964,511,158,2,2025-06-22
1965,2845,368,3,2025-07-27
1966,568,523,3,2025-02-15
1967,2290,169,1,2025-01-29
1968,1306,834,1,2026-01-23
1969,775,924,1,2025-06-28
1970,2770,368,1,2026-04-25
1971,243,467,1,2025-09-25
1972,1263,74,1,2025-10-05
1973,848,69,1,2026-01-23
1974,1588,87,1,2025-06-18
1975,1476,45,3,2026-02-14
1976,2566,827,1,2026-04-17
1977,406,99,3,2025-06-25
1978,2410,654,3,2025-07-03
1979,2670,730,3,2025-07-16
1980,1362,394,1,2026-06-27
1981,502,782,3,2025-06-09
1982,552,253,3,2026-06-04
1983,44,404,2,2026-02-10
1984,2605,50,3,2025-05-13
1985,2927,571,2,2025-08-11
1986,591,64,1,2025-10-02
1987,2086,312,1,2026-06-19
1988,420,74,1,2026-06-04
1989,485,875,3,2026-03-29
1990,591,657,2,2025-09-23
1991,1616,780,1,2025-12-06
1992,686,480,2,2025-05-08
1993,1759,415,1,2025-10-04
1994,2581,832,2,2025-10-27
1995,1046,362,3,2026-06-22
1996,2275,763,1,2025-07-13
1997,107,695,3,2025-02-03
1998,1269,293,2,2025-07-30
1999,2295,996,1,2026-06-29
2000,233,476,3,2025-03-05
2001,2341,148,1,2025-12-09
2002,1117,285,3,2026-01-27
2003,873,387,1,2025-01-27
2004,595,185,3,2025-08-27
2005,682,382,1,2025-01-01
2006,2949,357,3,2025-11-04
2007,763,231,1,2025-05-22
2008,1407,288,1,2025-04-14
2009,2778,917,3,2025-11-16
2010,885,727,2,2025-12-29
2011,858,809,3,2026-05-06
2012,1378,839,1,2025-08-15
2013,582,108,1,2026-03-27
2014,1635,50,1,2025-04-08
2015,847,588,2,2025-03-28
2016,2302,35,1,2026-03-25
2017,2705,944,2,2025-12-12
2018,1011,888,2,2025-11-16
2019,2535,145,3,2025-05-02
2020,241,50,3,2025-03-03
2021,1389,766,2,2025-07-13
2022,453,383,3,2025-01-20
2023,1903,818,1,2026-03-16
2024,2441,232,1,2025-09-09
2025,1461,142,2,2026-06-21
2026,1683,164,2,2025-01-30
2027,2326,400,3,2025-01-24
2028,1136,640,3,2025-06-23
2029,2089,75,1,2026-06-12
2030,564,68,3,2025-11-27
2031,250,128,3,2025-11-12
2032,21,366,3,2025-12-08
2033,1277,56,1,2025-11-24
2034,2251,376,1,2026-06-30
2035,166,651,3,2026-03-31
2036,2860,78,3,2026-06-25
2037,1802,970,1,2025-06-03
2038,410,721,2,2025-11-18
2039,1515,795,3,2025-12-04
2040,1132,575,2,2025-10-10
2041,826,629,2,2026-05-21
2042,119,581,1,2026-02-13
2043,1918,84,3,2026-01-10
2044,1011,864,3,2025-10-04
2045,56,776,3,2025-10-09
2046,895,335,3,2025-06-07
2047,2650,946,3,2026-05-15
2048,908,877,2,2025-10-10
2049,1145,493,1,2025-03-26
2050,2134,686,2,2026-02-24
2051,1886,476,3,2025-10-10
2052,656,588,2,2025-10-04
2053,1376,775,2,2026-06-04
2054,1225,155,1,2026-01-31
2055,1213,457,1,2025-03-25
2056,192,418,2,2025-02-26
2057,341,752,1,2025-07-13
2058,756,87,2,2025-06-28
2059,180,745,3,2025-02-06
2060,2103,515,2,2025-01-30
2061,1925,675,1,2025-12-11
2062,2221,295,1,2025-08-31
2063,1161,610,2,2025-05-27
2064,212,524,1,2025-11-29
2065,2543,564,1,2025-01-27
2066,43,670,3,2026-01-25
2067,2192,467,2,2025-09-11
2068,487,267,3,2026-01-26
2069,2818,462,2,2026-06-06
2070,1584,426,1,2025-01-29
2071,1974,879,3,2025-05-12
2072,2241,913,3,2025-09-13
2073,2366,457,2,2025-09-13
2074,765,281,2,2026-04-25
2075,1937,811,3,2025-02-05
2076,2654,108,2,2026-02-03
2077,1158,315,3,2025-10-20
2078,279,350,3,2025-01-08
2079,2432,18,1,2026-04-07
2080,172,692,3,2026-04-09
2081,2105,86,1,2026-02-23
2082,2742,312,2,2025-10-06
2083,28,18,1,2025-11-30
2084,2217,180,2,2025-04-14
2085,429,716,3,2025-04-29
2086,513,935,1,2025-01-27
2087,2839,92,3,2025-12-11
2088,357,837,2,2025-10-22
2089,1047,710,3,2026-06-21
2090,1975,277,1,2025-12-29
2091,2821,988,2,2025-10-14
2092,2878,508,3,2025-09-03
2093,1654,940,3,2026-07-04
2094,763,600,3,2026-02-10
2095,2283,875,2,2026-06-26
2096,484,638,3,2026-01-15
2097,464,188,3,2026-07-03
2098,2763,830,3,2026-06-11
2099,2365,962,1,2025-01-17
2100,2571,319,2,2026-06-04
2101,2579,390,2,2026-03-06
2102,1989,89,3,2025-08-14
2103,2002,6,3,2026-04-08
2104,1019,114,2,2025-06-21
2105,2019,16,1,2025-04-01
2106,1226,591,2,2026-06-28
2107,1669,299,3,2025-11-02
2108,1812,383,1,2025-07-31
2109,2443,950,2,2025-12-29
2110,2049,280,3,2025-12-23
2111,2617,524,2,2025-09-03
2112,630,170,2,2025-04-21
2113,1614,725,3,2025-05-16
2114,2076,769,3,2025-03-23
2115,2882,403,3,2025-04-07
2116,1895,673,3,2025-02-24
2117,2879,475,2,2026-06-05
2118,812,27,2,2026-01-31
2119,1818,549,1,2026-01-22
2120,1759,89,1,2025-11-02
2121,1605,779,2,2026-01-31
2122,2040,149,2,2025-10-09
2123,1594,239,2,2026-04-28
2124,1054,255,3,2026-02-22
2125,1580,619,3,2025-05-07
2126,1236,400,3,2025-11-08
2127,32,536,2,2025-08-01
2128,2837,937,1,2025-07-21
2129,1905,8,2,2025-05-17
2130,1796,518,3,2025-11-26
2131,441,647,3,2026-02-25
2132,1207,591,2,2025-12-02
2133,1140,872,1,2025-05-30
2134,2309,848,2,2025-11-27
2135,1613,505,2,2025-04-07
2136,1688,233,2,2025-12-08
2137,558,454,3,2026-03-14
2138,695,963,2,2025-12-23
2139,114,424,1,2025-05-12
2140,485,196,1,2026-06-30
2141,798,215,1,2025-02-04
2142,1917,341,3,2025-11-10
2143,1120,520,3,2025-07-28
2144,1658,809,3,2025-12-02
2145,2218,978,2,2025-03-30
2146,400,238,2,2026-03-13
2147,2471,462,1,2025-12-27
2148,2621,434,1,2026-01-01
2149,2472,250,2,2025-01-21
2150,1683,742,1,2025-06-26
2151,1706,961,3,2026-06-13
2152,1569,173,2,2025-03-17
2153,30,966,1,2025-07-20
2154,2771,906,2,2026-06-09
2155,2140,301,1,2025-01-03
2156,1249,958,2,2026-03-02
2157,732,925,1,2025-12-21
2158,2831,614,2,2025-01-15
2159,1996,970,3,2025-12-06
2160,2589,162,2,2025-01-29
2161,2642,617,3,2026-01-19
2162,1039,398,3,2025-02-01
2163,1245,914,2,2025-08-27
2164,2568,400,1,2025-01-31
2165,425,296,3,2025-02-26
2166,435,349,2,2025-01-14
2167,2643,209,1,2026-03-25
2168,2471,197,3,2025-01-04
2169,1454,414,2,2025-02-28
2170,37,270,2,2025-08-25
2171,2676,634,1,2025-04-11
2172,1812,104,3,2025-12-21
2173,2041,162,1,2025-05-08
2174,1155,658,1,2025-10-21
2175,2838,680,2,2025-03-08
2176,1390,678,1,2025-08-01
2177,208,561,1,2026-06-04
2178,1441,393,3,2026-01-06
2179,672,384,1,2025-12-25
2180,2560,888,3,2025-10-20
2181,362,176,3,2026-05-04
2182,1994,862,2,2025-09-30
2183,2775,729,1,2026-06-07
2184,1189,319,3,2026-04-13
2185,1341,271,3,2025-03-08
2186,1734,205,2,2025-12-25
2187,2396,825,1,2025-06-09
2188,1330,896,2,2025-07-19
2189,2210,829,3,2025-12-25
2190,615,44,3,2025-04-19
2191,369,401,2,2026-03-07
2192,2618,434,3,2025-08-12
2193,816,8,1,2026-04-28
2194,832,268,1,2025-02-18
2195,1780,996,2,2025-01-27
2196,2834,32,1,2025-03-03
2197,1751,155,1,2025-09-01
2198,2720,419,2,2025-09-27
2199,922,735,3,2025-01-17
2200,2939,782,2,2025-11-16
2201,1229,148,1,2025-08-19
2202,553,503,1,2025-08-14
2203,2751,582,1,2025-09-18
2204,2184,933,1,2026-01-12
2205,2905,314,3,2026-06-25
2206,1597,402,2,2025-06-23
2207,2447,643,3,2025-05-27
2208,2582,512,2,2025-03-16
2209,2840,361,2,2026-03-16
2210,1611,523,2,2025-02-05
2211,2277,116,2,2025-06-13
2212,411,609,3,2025-03-05
2213,1079,34,1,2025-06-23
2214,2087,771,1,2026-04-30
2215,1968,290,1,2025-03-30
2216,2980,171,3,2025-09-08
2217,1223,781,2,2025-01-22
2218,1416,590,3,2025-09-08
2219,2267,693,3,2026-02-23
2220,2572,444,3,2025-02-03
2221,392,819,2,2025-05-15
2222,2703,2,3,2025-02-16
2223,333,749,3,2025-11-19
2224,2588,210,1,2026-04-14
2225,2726,602,1,2026-02-28
2226,1969,212,3,2025-08-08
2227,2074,403,1,2025-07-24
2228,32,565,2,2026-06-03
2229,605,145,1,2026-02-08
2230,1413,455,1,2025-08-04
2231,1430,112,3,2026-04-01
2232,2548,617,1,2026-04-14
2233,857,514,3,2025-07-06
2234,1575,856,2,2026-03-22
2235,2678,37,2,2026-04-12
2236,130,926,3,2026-02-11
2237,2287,688,1,2026-05-18
2238,1824,784,2,2026-04-13
2239,512,359,1,2025-08-01
2240,618,340,3,2025-07-09
2241,350,455,3,2025-10-31
2242,1641,835,1,2026-02-05
2243,2528,806,2,2026-02-03
2244,1236,952,2,2026-02-09
2245,1493,298,1,2025-11-26
2246,202,855,2,2025-02-20
2247,2344,812,3,2026-06-04
2248,782,970,1,2025-02-04
2249,831,331,1,2025-03-25
2250,1469,608,2,2026-06-09
2251,1563,351,3,2026-01-19
2252,1797,35,3,2025-06-28
2253,2944,77,1,2026-04-10
2254,174,721,3,2025-07-07
2255,1490,199,3,2025-05-14
2256,1748,656,3,2026-04-03
2257,1293,620,2,2025-07-12
2258,941,603,3,2025-07-21
2259,996,115,2,2025-10-13
2260,2957,87,1,2025-01-25
2261,951,97,1,2025-04-12
2262,831,365,3,2026-02-16
2263,1428,972,2,2025-07-10
2264,516,832,1,2026-02-23
2265,11,492,2,2025-07-06
2266,1185,441,1,2025-01-22
2267,1269,392,3,2026-02-04
2268,44,998,1,2025-01-04
2269,10,676,1,2025-04-29
2270,1381,992,2,2026-04-19
2271,747,985,1,2025-10-01
2272,1066,986,2,2025-11-26
2273,1719,312,2,2026-04-26
2274,1178,176,2,2025-03-08
2275,1382,80,3,2026-06-04
2276,1002,187,2,2026-01-07
2277,312,64,3,2025-05-22
2278,1167,321,1,2025-11-25
2279,2072,767,3,2025-04-15
2280,2426,299,1,2025-03-13
2281,953,355,2,2026-05-24
2282,2371,296,2,2026-02-21
2283,2534,605,3,2025-10-17
2284,114,204,1,2026-03-26
2285,1714,886,1,2026-06-20
2286,1710,133,3,2025-09-25
2287,485,984,2,2026-04-21
2288,1876,329,1,2025-04-08
2289,882,429,2,2025-10-20
2290,2446,862,1,2025-12-29
2291,98,315,3,2026-02-24
2292,894,820,1,2026-04-17
2293,2027,397,2,2025-04-30
2294,2005,482,2,2025-09-23
2295,1956,591,2,2025-05-04
2296,2557,832,1,2025-02-05
2297,1495,78,2,2025-02-17
2298,1176,237,3,2026-06-22
2299,398,447,2,2025-06-10
2300,118,835,2,2026-01-16
2301,2876,46,2,2025-12-21
2302,1457,492,1,2025-11-05
2303,1176,289,1,2025-07-11
2304,1055,19,3,2025-11-08
2305,288,603,1,2025-05-13
2306,151,791,1,2025-08-10
2307,947,89,3,2025-06-26
2308,1681,640,1,2025-10-18
2309,133,387,2,2025-01-15
2310,642,708,3,2026-01-10
2311,2720,855,1,2025-01-03
2312,1048,404,1,2026-01-19
2313,1346,158,1,2026-03-23
2314,1332,93,2,2025-03-10
2315,1223,534,2,2025-01-08
2316,2851,537,2,2025-07-21
2317,2356,875,1,2025-06-10
2318,391,478,2,2026-03-01
2319,200,918,2,2025-10-19
2320,2474,184,1,2026-04-29
2321,2036,41,1,2025-05-10
2322,1556,104,1,2025-08-15
2323,792,288,1,2025-06-06
2324,2381,587,1,2025-03-29
2325,929,321,2,2026-01-16
2326,730,935,1,2026-06-05
2327,1385,91,1,2025-12-16
2328,83,839,1,2025-08-05
2329,1123,690,2,2025-09-14
2330,930,898,1,2026-05-23
2331,387,172,1,2026-05-19
2332,1189,228,2,2026-04-03
2333,42,721,1,2025-06-07
2334,1260,725,3,2026-04-24
2335,1912,983,1,2025-03-11
2336,242,258,3,2026-06-19
2337,909,363,1,2025-12-15
2338,2103,995,1,2025-05-31
2339,1007,58,3,2025-07-17
2340,2352,432,1,2025-04-29
2341,1774,121,3,2026-04-10
2342,1992,670,3,2025-10-07
2343,2164,994,1,2025-11-07
2344,1147,963,1,2025-08-17
2345,2027,180,2,2025-12-25
2346,2636,607,1,2025-11-09
2347,2602,529,1,2026-04-28
2348,2529,807,3,2026-04-25
2349,44,680,2,2026-05-08
2350,2166,336,3,2025-03-02
2351,2383,691,2,2026-01-03
2352,1222,371,3,2025-02-02
2353,1964,400,3,2025-07-09
2354,1632,536,2,2026-04-04
2355,1290,644,2,2026-01-27
2356,1178,194,3,2025-11-29
2357,137,282,3,2026-01-16
2358,2795,51,1,2025-02-27
2359,2842,947,1,2026-05-07
2360,2800,599,3,2025-07-28
2361,1299,677,3,2025-05-28
2362,1483,10,2,2025-05-03
2363,586,247,3,2025-07-05
2364,1276,973,1,2026-04-02
2365,945,948,2,2025-03-26
2366,1159,548,2,2025-07-15
2367,560,305,1,2026-01-03
2368,1741,554,3,2025-01-04
2369,2108,298,2,2025-07-29
2370,276,588,2,2026-02-06
2371,1756,637,1,2025-09-05
2372,2977,757,1,2026-04-20
2373,183,735,2,2025-02-24
2374,614,930,3,2026-03-19
2375,2514,224,2,2025-08-10
2376,2243,993,2,2026-03-01
2377,2677,144,3,2025-10-07
2378,226,826,2,2025-08-06
2379,1737,893,3,2026-01-27
2380,2403,706,3,2026-04-06
2381,598,896,1,2025-04-13
2382,1572,346,1,2025-06-29
2383,1859,805,3,2026-04-17
2384,2860,351,3,2025-03-05
2385,1740,375,1,2026-04-28
2386,239,878,3,2025-10-23
2387,164,763,2,2026-01-09
2388,876,827,1,2025-05-25
2389,2633,108,2,2025-11-21
2390,2624,79,2,2026-06-14
2391,254,85,3,2026-02-08
2392,1232,256,2,2026-03-10
2393,1941,742,3,2025-01-19
2394,2435,368,3,2025-10-06
2395,1179,15,2,2026-04-02
2396,1489,104,1,2026-04-02
2397,2161,809,3,2025-11-01
2398,52,466,2,2026-05-02
2399,1704,68,2,2025-05-10
2400,863,516,1,2026-01-07
2401,2779,686,3,2025-08-30
2402,1937,84,1,2025-07-30
2403,1885,721,1,2025-04-19
2404,2520,423,3,2026-03-03
2405,244,186,3,2026-01-05
2406,703,443,3,2025-01-07
2407,1204,597,1,2025-01-24
2408,462,156,3,2025-02-09
2409,432,804,3,2025-10-09
2410,1841,346,1,2025-08-15
2411,2565,946,1,2025-08-13
2412,1827,799,2,2025-07-22
2413,87,731,1,2025-02-23
2414,2647,108,3,2026-06-22
2415,1400,941,2,2025-02-13
2416,2976,91,2,2025-05-22
2417,2616,509,1,2025-07-29
2418,2901,204,2,2026-06-12
2419,2823,225,3,2026-05-25
2420,704,30,2,2025-12-19
2421,908,368,1,2026-06-22
2422,946,568,2,2025-07-31
2423,2215,350,3,2025-11-23
2424,1529,879,1,2026-06-09
2425,1408,700,3,2026-05-07
2426,2583,797,1,2025-07-29
2427,2473,626,2,2025-05-26
2428,2030,748,2,2025-01-19
2429,2205,198,2,2025-05-16
2430,2054,873,1,2026-06-13
2431,253,726,2,2025-04-11
2432,1670,710,2,2026-05-27
2433,2616,702,3,2025-10-09
2434,2997,532,3,2025-10-04
2435,1889,353,2,2025-07-05
2436,1173,253,2,2025-02-12
2437,2549,590,1,2026-05-30
2438,223,452,1,2025-12-23
2439,1436,454,2,2026-03-12
2440,399,323,3,2025-01-09
2441,1038,16,2,2026-06-15
2442,1154,405,2,2025-08-01
2443,2597,726,3,2026-06-06
2444,1786,393,3,2026-05-25
2445,278,278,1,2025-11-24
2446,227,531,3,2025-10-31
2447,555,451,3,2025-12-05
2448,699,464,3,2025-08-10
2449,2706,199,2,2026-06-17
2450,2340,269,3,2026-01-20
2451,1314,365,1,2025-11-18
2452,2314,65,1,2025-02-15
2453,208,112,3,2025-06-07
2454,826,499,2,2026-04-13
2455,2825,657,3,2025-05-20
2456,736,353,3,2026-06-16
2457,2258,304,2,2025-02-24
2458,864,611,2,2025-06-01
2459,2798,382,3,2025-10-11
2460,1847,151,3,2025-04-22
2461,1399,229,1,2025-11-27
2462,1547,788,2,2025-11-03
2463,2180,556,2,2026-01-11
2464,2338,189,1,2025-01-26
2465,2309,959,3,2026-06-02
2466,1783,200,1,2025-03-04
2467,1643,930,3,2025-04-06
2468,2275,811,3,2025-02-28
2469,1285,413,3,2025-05-21
2470,634,622,1,2026-01-20
2471,1779,187,1,2025-10-29
2472,1326,587,3,2025-08-29
2473,442,777,1,2026-07-03
2474,1056,536,2,2025-05-29
2475,2269,45,1,2025-07-10
2476,646,881,1,2026-04-06
2477,179,999,1,2026-02-03
2478,1044,420,2,2026-02-04
2479,875,956,2,2026-02-19
2480,1537,917,1,2026-06-20
2481,1157,324,2,2025-07-28
2482,2781,528,3,2025-08-29
2483,2873,968,3,2026-04-13
2484,1332,180,3,2025-05-12
2485,1868,28,1,2025-07-02
2486,354,72,3,2025-12-04
2487,1995,890,2,2025-12-30
2488,597,727,2,2025-10-26
2489,1334,517,1,2026-05-29
2490,867,1,1,2025-08-26
2491,1639,302,2,2025-01-22
2492,536,91,1,2026-03-04
2493,365,360,3,2025-02-11
2494,1315,104,1,2026-05-25
2495,906,946,3,2026-01-06
2496,490,770,3,2025-01-30
2497,1602,426,2,2026-03-02
2498,2498,723,3,2025-01-15
2499,660,120,1,2025-06-04
2500,148,231,2,2026-02-26
2501,5,198,3,2026-03-18
2502,2362,13,2,2026-01-09
2503,264,625,3,2026-04-15
2504,114,347,3,2025-06-11
2505,1623,276,3,2026-05-26
2506,772,407,1,2025-02-17
2507,2667,896,1,2026-01-28
2508,1993,125,2,2025-01-01
2509,2749,777,2,2025-02-07
2510,299,253,3,2026-05-20
2511,2295,79,2,2026-05-05
2512,1637,841,2,2025-03-14
2513,1444,224,2,2026-01-15
2514,1891,68,3,2026-05-06
2515,125,631,1,2025-03-11
2516,1198,674,2,2025-10-01
2517,2385,139,3,2025-08-05
2518,660,171,3,2026-06-01
2519,383,313,1,2025-06-12
2520,1980,398,2,2025-04-09
2521,951,806,2,2026-05-14
2522,963,102,1,2025-12-09
2523,1381,727,1,2025-06-24
2524,1338,863,1,2025-03-31
2525,2982,810,3,2026-05-09
2526,1289,56,3,2026-06-03
2527,2523,162,2,2025-12-06
2528,738,753,1,2025-04-24
2529,1913,523,3,2025-08-10
2530,1836,740,3,2026-04-21
2531,817,552,2,2025-05-28
2532,2394,695,2,2025-03-29
2533,395,952,1,2026-02-10
2534,5,920,1,2025-05-29
2535,1250,325,1,2025-11-08
2536,2784,62,1,2026-07-01
2537,1878,584,2,2026-04-07
2538,1085,946,3,2025-05-12
2539,118,468,1,2026-06-15
2540,1143,712,2,2026-03-24
2541,1936,786,3,2026-04-18
2542,559,398,1,2026-01-04
2543,389,685,2,2026-05-30
2544,160,767,3,2025-04-26
2545,2545,624,2,2026-03-26
2546,926,392,3,2026-06-05
2547,1660,440,1,2026-01-15
2548,1286,59,3,2025-03-05
2549,1327,430,1,2026-02-26
2550,484,226,1,2026-07-04
2551,467,207,2,2025-06-12
2552,748,828,3,2025-05-12
2553,2127,980,3,2026-04-06
2554,877,732,2,2025-10-25
2555,23,787,1,2025-04-27
2556,147,674,2,2025-04-20
2557,294,348,2,2025-12-16
2558,1658,916,3,2025-09-26
2559,559,645,3,2025-05-26
2560,2740,95,2,2025-03-27
2561,282,37,2,2025-03-04
2562,1835,270,3,2026-05-09
2563,486,856,3,2025-06-24
2564,1084,103,3,2026-05-05
2565,363,70,1,2025-07-27
2566,2640,239,2,2025-04-02
2567,1459,935,1,2026-06-08
2568,894,110,3,2025-12-17
2569,1107,319,1,2026-06-04
2570,2198,34,1,2025-03-31
2571,402,781,2,2025-01-12
2572,1175,185,1,2025-01-29
2573,2322,974,3,2025-06-26
2574,788,267,3,2026-01-20
2575,1062,924,1,2026-06-27
2576,199,743,1,2026-06-04
2577,971,332,3,2026-01-15
2578,1369,905,2,2026-05-11
2579,2582,767,3,2026-04-18
2580,1894,364,1,2026-03-12
2581,664,55,2,2025-03-10
2582,2293,213,2,2025-01-15
2583,793,827,2,2025-11-28
2584,979,19,2,2025-03-10
2585,1490,811,1,2025-10-31
2586,2207,299,1,2025-01-20
2587,127,935,2,2026-05-08
2588,934,54,3,2025-07-14
2589,2883,579,1,2026-02-15
2590,986,661,1,2025-08-12
2591,2126,554,3,2026-01-28
2592,1792,909,1,2025-10-03
2593,2430,271,3,2025-11-07
2594,2022,674,2,2025-10-15
2595,2329,508,3,2026-01-14
2596,2130,930,3,2025-10-26
2597,2831,256,2,2025-06-27
2598,1584,282,1,2026-04-05
2599,567,909,1,2026-06-14
2600,2128,392,2,2025-10-14
2601,2107,616,2,2025-12-21
2602,1153,674,1,2026-05-09
2603,159,433,1,2025-12-03
2604,1916,348,2,2025-11-27
2605,725,367,1,2025-05-03
2606,238,286,3,2025-02-28
2607,2213,286,3,2025-08-31
2608,1425,697,1,2025-10-29
2609,1959,65,2,2026-06-28
2610,1496,804,2,2025-10-18
2611,2433,314,3,2025-07-18
2612,1477,238,1,2025-06-11
2613,1679,172,3,2025-07-10
2614,2736,298,1,2025-03-27
2615,793,932,3,2026-05-17
2616,740,361,1,2025-11-14
2617,1842,38,1,2025-11-15
2618,2140,688,2,2025-01-22
2619,537,746,1,2026-06-15
2620,2536,590,1,2026-04-01
2621,2426,471,2,2025-08-14
2622,2438,238,1,2025-09-01
2623,1470,912,2,2025-06-18
2624,2254,430,1,2026-04-05
2625,862,170,3,2026-05-10
2626,2124,504,2,2025-04-25
2627,2608,49,3,2026-03-31
2628,401,475,3,2026-03-08
2629,2852,130,3,2026-05-29
2630,944,815,1,2025-04-22
2631,1026,260,3,2025-03-19
2632,2586,115,1,2025-09-03
2633,1387,809,2,2025-03-03
2634,1184,141,3,2025-11-18
2635,1268,770,1,2025-04-19
2636,971,976,1,2025-11-27
2637,1915,528,2,2025-10-08
2638,2625,202,3,2025-06-08
2639,2261,349,2,2026-01-20
2640,1698,695,2,2025-04-10
2641,468,797,2,2025-05-28
2642,2583,34,3,2025-05-22
2643,2528,823,3,2025-11-02
2644,2254,275,2,2025-02-10
2645,1605,170,2,2026-04-14
2646,1129,275,2,2025-01-05
2647,1524,177,3,2026-01-11
2648,53,588,2,2025-06-30
2649,2786,174,2,2025-09-12
2650,2247,111,3,2025-09-06
2651,2955,468,1,2026-05-09
2652,1648,331,1,2025-09-29
2653,2532,769,1,2025-10-18
2654,2773,567,1,2026-03-25
2655,132,669,1,2025-08-31
2656,476,777,3,2025-04-24
2657,522,352,2,2025-09-17
2658,451,182,3,2025-06-28
2659,2649,464,3,2025-09-07
2660,763,619,2,2025-03-26
2661,1687,800,1,2025-12-03
2662,2290,444,3,2026-04-20
2663,2986,325,1,2025-10-24
2664,2624,890,1,2026-04-26
2665,1801,911,1,2025-09-27
2666,1795,756,1,2026-05-20
2667,1339,782,3,2025-12-07
2668,1891,13,1,2025-03-26
2669,2331,461,1,2025-04-29
2670,319,779,3,2025-06-08
2671,2528,140,2,2025-11-09
2672,1926,577,1,2025-05-09
2673,1841,274,2,2026-05-09
2674,1145,702,3,2026-06-28
2675,2178,831,3,2026-05-15
2676,2811,477,1,2026-01-26
2677,2509,180,3,2025-01-10
2678,355,476,1,2025-03-19
2679,1502,22,1,2025-09-05
2680,1908,694,2,2026-06-09
2681,1352,525,2,2025-05-28
2682,1666,262,2,2025-10-24
2683,1404,349,2,2026-03-26
2684,1945,390,1,2026-06-29
2685,1292,924,1,2025-12-12
2686,788,884,3,2026-04-29
2687,516,664,1,2025-01-20
2688,2450,59,1,2026-05-29
2689,547,10,2,2025-09-01
2690,1164,687,1,2025-06-20
2691,2306,792,1,2026-02-27
2692,290,662,1,2025-09-23
2693,2610,972,2,2025-04-23
2694,1730,284,2,2026-03-08
2695,463,981,3,2025-02-17
2696,2873,227,3,2026-03-23
2697,2994,972,2,2025-01-04
2698,2703,705,3,2025-12-23
2699,2603,619,3,2026-06-17
2700,2929,459,3,2026-03-20
2701,2811,608,3,2025-01-03
2702,1041,234,1,2026-03-21
2703,357,838,3,2025-10-12
2704,1536,492,1,2025-12-03
2705,634,1,3,2025-01-08
2706,538,122,1,2025-12-01
2707,624,739,2,2026-02-07
2708,1953,495,2,2025-08-12
2709,227,219,2,2026-01-20
2710,417,496,2,2025-04-07
2711,2872,290,1,2025-06-20
2712,1980,696,2,2026-03-01
2713,628,951,2,2025-04-01
2714,2175,909,3,2026-02-27
2715,2630,916,2,2025-01-31
2716,1776,356,3,2025-03-08
2717,2763,18,2,2025-02-22
2718,1209,489,3,2025-09-23
2719,614,975,1,2025-08-06
2720,2336,342,3,2026-04-03
2721,708,283,1,2025-02-20
2722,1573,141,2,2025-07-20
2723,24,604,3,2026-01-08
2724,2062,97,1,2026-02-26
2725,927,716,2,2025-01-01
2726,665,404,1,2025-12-14
2727,2382,181,3,2026-02-13
2728,1253,284,2,2026-03-30
2729,1628,632,1,2025-03-18
2730,359,647,3,2025-09-30
2731,137,159,2,2025-11-25
2732,1161,201,3,2026-03-26
2733,2330,155,3,2025-12-12
2734,1366,352,1,2026-05-08
2735,1741,744,2,2025-06-22
2736,2017,108,2,2025-10-27
2737,1570,613,1,2025-11-15
2738,2538,556,2,2025-03-27
2739,579,976,1,2026-01-01
2740,2344,292,2,2026-05-10
2741,1884,706,1,2025-04-29
2742,463,284,3,2026-01-05
2743,2493,584,3,2026-01-22
2744,1134,84,2,2025-01-01
2745,510,834,1,2025-06-06
2746,1137,659,1,2026-04-18
2747,1090,535,3,2026-01-27
2748,1902,2,1,2025-05-25
2749,1564,106,1,2025-07-04
2750,1304,502,1,2026-05-20
2751,369,712,3,2026-03-27
2752,782,715,3,2025-11-05
2753,261,197,2,2025-03-18
2754,2925,392,2,2026-04-20
2755,1601,334,2,2025-03-09
2756,1994,299,1,2025-11-02
2757,474,93,1,2025-07-01
2758,2332,764,3,2026-06-04
2759,995,529,1,2025-02-10
2760,634,708,2,2025-02-18
2761,77,154,2,2025-10-01
2762,1608,987,3,2025-02-14
2763,2365,463,2,2025-01-03
2764,2404,373,2,2025-06-24
2765,374,451,1,2026-05-21
2766,559,754,3,2025-10-28
2767,2908,292,2,2026-01-12
2768,1456,192,2,2025-11-23
2769,824,946,3,2025-05-25
2770,1745,746,3,2025-04-25
2771,2118,795,1,2025-11-23
2772,1134,934,3,2026-04-16
2773,995,8,3,2025-03-16
2774,1511,289,1,2025-04-11
2775,2440,213,3,2026-05-11
2776,424,222,1,2025-04-20
2777,1500,598,1,2026-04-26
2778,2155,895,3,2026-01-26
2779,251,297,3,2025-02-13
2780,1108,642,1,2025-06-18
2781,944,550,3,2025-08-30
2782,2831,18,1,2026-07-01
2783,2619,144,2,2025-02-12
2784,2928,235,3,2026-01-15
2785,1137,532,3,2026-02-28
2786,1130,880,1,2025-09-08
2787,859,32,2,2025-04-29
2788,1913,779,3,2025-08-04
2789,2111,50,3,2026-06-10
2790,1328,656,2,2025-02-08
2791,1112,841,2,2026-01-05
2792,2467,389,1,2026-03-31
2793,1512,127,1,2026-06-02
2794,1231,792,2,2026-03-15
2795,458,165,3,2025-11-07
2796,598,212,2,2026-03-02
2797,1335,129,1,2026-05-16
2798,2675,870,3,2025-05-31
2799,390,125,3,2025-10-31
2800,2777,833,3,2026-06-25
2801,445,373,1,2026-06-15
2802,1931,428,2,2025-02-18
2803,277,861,1,2025-04-17
2804,1045,953,3,2025-02-04
2805,2449,983,3,2025-12-13
2806,853,140,1,2025-05-16
2807,790,130,1,2025-05-20
2808,1227,249,1,2026-06-30
2809,314,963,3,2025-10-12
2810,413,499,3,2026-01-17
2811,2707,971,2,2025-03-01
2812,86,649,2,2025-05-05
2813,853,287,3,2026-01-24
2814,2667,140,2,2026-01-16
2815,1814,350,3,2025-06-11
2816,2583,104,3,2025-10-25
2817,1698,670,2,2026-03-06
2818,685,560,2,2025-07-04
2819,134,548,2,2025-12-05
2820,804,451,1,2025-02-28
2821,755,261,2,2026-04-26
2822,1387,358,1,2025-02-18
2823,8,678,1,2026-05-20
2824,1979,731,3,2025-10-16
2825,2675,354,3,2025-11-19
2826,2961,7,3,2025-09-05
2827,2842,745,3,2025-10-24
2828,1967,923,2,2025-01-21
2829,1128,193,1,2025-02-03
2830,427,343,1,2025-11-08
2831,128,23,3,2025-02-14
2832,692,19,3,2026-03-03
2833,2317,675,3,2025-02-08
2834,2545,798,1,2025-01-07
2835,665,940,3,2025-11-23
2836,128,178,2,2026-05-28
2837,1451,305,2,2025-08-30
2838,429,536,3,2026-04-11
2839,2079,963,2,2025-12-16
2840,1452,563,2,2025-10-03
2841,312,160,3,2026-05-10
2842,225,114,1,2025-03-12
2843,131,124,1,2026-05-19
2844,2671,892,1,2025-05-03
2845,309,988,3,2026-02-22
2846,767,163,1,2026-05-09
2847,803,221,1,2026-01-18
2848,73,250,3,2026-04-23
2849,28,652,2,2026-03-12
2850,1661,944,2,2025-04-27
2851,2995,986,1,2025-10-05
2852,1271,798,2,2026-05-04
2853,1111,708,1,2025-03-19
2854,1556,178,3,2025-03-25
2855,1216,276,2,2026-05-11
2856,1167,410,2,2025-05-22
2857,1787,292,2,2025-11-07
2858,1787,667,2,2026-03-26
2859,1103,383,3,2025-05-20
2860,2127,442,3,2025-11-27
2861,2263,859,2,2026-02-11
2862,268,586,2,2026-03-14
2863,1353,266,3,2025-02-01
2864,533,419,3,2025-01-21
2865,2845,416,3,2026-06-15
2866,1244,900,3,2026-03-14
2867,711,11,3,2026-03-15
2868,317,392,3,2025-03-03
2869,1742,73,2,2026-05-09
2870,1813,221,3,2026-06-01
2871,1954,644,1,2026-02-11
2872,1596,547,3,2025-07-29
2873,847,501,2,2025-07-27
2874,2402,766,1,2026-03-09
2875,1268,245,1,2025-01-23
2876,55,383,1,2025-05-05
2877,1112,600,2,2025-08-25
2878,184,774,1,2025-02-07
2879,1630,426,3,2025-09-24
2880,1745,663,3,2025-08-28
2881,1666,743,1,2026-04-05
2882,2689,700,2,2025-03-22
2883,2110,85,1,2026-01-12
2884,338,243,1,2025-09-08
2885,637,777,1,2025-12-28
2886,1882,725,2,2026-05-01
2887,828,502,2,2026-06-13
2888,1060,662,2,2026-01-02
2889,924,963,1,2025-09-19
2890,2968,132,2,2025-01-19
2891,1683,296,2,2026-05-31
2892,1389,255,3,2025-09-23
2893,1645,120,3,2026-03-19
2894,882,477,1,2026-04-10
2895,554,390,2,2025-06-30
2896,741,575,1,2026-06-09
2897,1509,167,1,2025-05-16
2898,2016,473,3,2025-08-23
2899,60,752,2,2026-03-22
2900,1795,281,3,2025-06-21
2901,2163,660,1,2025-10-18
2902,2317,50,3,2025-03-05
2903,1847,316,1,2026-01-09
2904,2068,119,3,2026-03-17
2905,90,403,2,2025-04-20
2906,705,392,3,2026-05-31
2907,2594,463,2,2025-04-25
2908,285,853,3,2026-05-17
2909,649,133,3,2025-05-22
2910,298,294,3,2026-06-27
2911,2146,308,2,2025-11-25
2912,2425,760,1,2025-01-18
2913,921,598,1,2026-05-30
2914,892,304,2,2025-01-13
2915,2822,882,1,2025-05-07
2916,814,595,2,2025-11-24
2917,1847,299,2,2026-03-11
2918,2983,387,3,2025-12-03
2919,323,35,1,2025-09-24
2920,2009,903,1,2025-07-24
2921,2676,893,3,2025-08-16
2922,1529,343,1,2025-07-31
2923,2464,602,1,2025-08-25
2924,2079,304,3,2026-04-21
2925,1609,528,2,2025-06-04
2926,209,807,3,2026-01-15
2927,2835,441,1,2025-06-28
2928,2910,790,3,2026-04-25
2929,2624,425,1,2025-12-28
2930,503,760,1,2025-08-12
2931,2704,338,1,2025-12-03
2932,2734,400,1,2026-01-14
2933,49,951,1,2025-08-19
2934,989,231,2,2025-06-08
2935,1242,475,1,2026-02-25
2936,184,21,2,2025-06-25
2937,2488,216,1,2025-09-03
2938,690,918,3,2026-03-10
2939,1069,586,2,2026-04-30
2940,2968,170,1,2026-04-14
2941,2628,586,3,2026-02-04
2942,110,672,3,2026-06-08
2943,1423,608,3,2025-08-23
2944,147,535,2,2025-09-05
2945,2414,533,1,2025-04-21
2946,1856,453,1,2025-04-18
2947,2936,94,1,2025-11-08
2948,2472,1000,2,2026-06-19
2949,2495,27,3,2025-09-17
2950,251,26,2,2025-05-25
2951,1033,543,3,2025-03-07
2952,723,939,1,2025-05-25
2953,1507,487,2,2025-08-20
2954,1344,698,1,2025-05-27
2955,63,865,2,2025-12-09
2956,2571,503,2,2025-07-18
2957,1930,606,1,2026-01-29
2958,253,546,3,2025-07-31
2959,2891,644,3,2025-10-25
2960,65,712,1,2025-08-21
2961,497,119,2,2025-11-02
2962,2049,274,2,2025-02-15
2963,2361,477,2,2026-05-24
2964,1728,401,3,2026-04-27
2965,2500,38,1,2025-08-02
2966,2991,841,3,2026-01-16
2967,1814,236,2,2026-04-24
2968,1045,286,3,2025-08-14
2969,2305,724,1,2026-04-25
2970,2253,45,1,2025-12-07
2971,2980,848,1,2025-10-05
2972,1529,438,2,2025-09-17
2973,166,524,2,2025-08-16
2974,1452,616,2,2026-02-09
2975,2143,131,2,2025-04-08
2976,516,741,1,2025-09-11
2977,482,159,1,2025-10-09
2978,730,139,2,2025-03-13
2979,1072,629,2,2026-02-11
2980,1454,692,3,2026-02-23
2981,2657,256,2,2025-02-16
2982,656,160,2,2025-09-08
2983,2174,774,2,2026-05-20
2984,315,325,1,2026-01-03
2985,2813,301,1,2025-11-12
2986,1949,707,2,2025-11-13
2987,1866,367,1,2025-11-03
2988,1991,388,3,2025-03-11
2989,121,449,1,2025-08-14
2990,690,196,3,2026-01-07
2991,1851,170,3,2025-09-21
2992,901,813,2,2025-05-18
2993,2651,971,1,2026-01-12
2994,1185,391,1,2025-12-20
2995,2013,281,3,2025-06-20
2996,2737,877,1,2025-11-10
2997,744,589,3,2025-01-06
2998,681,724,3,2025-03-21
2999,988,740,3,2025-08-22
3000,2775,684,1,2026-01-15
