ProductID,ImageURL
1,https://picsum.photos/seed/watch1/600/600
2,https://picsum.photos/seed/watch2/600/600
3,https://picsum.photos/seed/watch3/600/600
4,https://picsum.photos/seed/watch4/600/600
5,https://picsum.photos/seed/watch5/600/600
6,https://picsum.photos/seed/watch6/600/600
7,https://picsum.photos/seed/watch7/600/600
8,https://picsum.photos/seed/watch8/600/600
9,https://picsum.photos/seed/watch9/600/600
10,https://picsum.photos/seed/watch10/600/600
11,https://picsum.photos/seed/watch11/600/600
12,https://picsum.photos/seed/watch12/600/600
13,https://picsum.photos/seed/watch13/600/600
14,https://picsum.photos/seed/watch14/600/600
15,https://picsum.photos/seed/watch15/600/600
16,https://picsum.photos/seed/watch16/600/600
17,https://picsum.photos/seed/watch17/600/600
18,https://picsum.photos/seed/watch18/600/600
19,https://picsum.photos/seed/watch19/600/600
20,https://picsum.photos/seed/watch20/600/600
21,https://picsum.photos/seed/watch21/600/600
22,https://picsum.photos/seed/watch22/600/600
23,https://picsum.photos/seed/watch23/600/600
24,https://picsum.photos/seed/watch24/600/600
25,https://picsum.photos/seed/watch25/600/600
26,https://picsum.photos/seed/watch26/600/600
27,https://picsum.photos/seed/watch27/600/600
28,https://picsum.photos/seed/watch28/600/600
29,https://picsum.photos/seed/watch29/600/600
30,https://picsum.photos/seed/watch30/600/600
31,https://picsum.photos/seed/watch31/600/600
32,https://picsum.photos/seed/watch32/600/600
33,https://picsum.photos/seed/watch33/600/600
34,https://picsum.photos/seed/watch34/600/600
35,https://picsum.photos/seed/watch35/600/600
36,https://picsum.photos/seed/watch36/600/600
37,https://picsum.photos/seed/watch37/600/600
38,https://picsum.photos/seed/watch38/600/600
39,https://picsum.photos/seed/watch39/600/600
40,https://picsum.photos/seed/watch40/600/600
41,https://picsum.photos/seed/watch41/600/600
42,https://picsum.photos/seed/watch42/600/600
43,https://picsum.photos/seed/watch43/600/600
44,https://picsum.photos/seed/watch44/600/600
45,https://picsum.photos/seed/watch45/600/600
46,https://picsum.photos/seed/watch46/600/600
47,https://picsum.photos/seed/watch47/600/600
48,https://picsum.photos/seed/watch48/600/600
49,https://picsum.photos/seed/watch49/600/600
50,https://picsum.photos/seed/watch50/600/600
51,https://picsum.photos/seed/watch51/600/600
52,https://picsum.photos/seed/watch52/600/600
53,https://picsum.photos/seed/watch53/600/600
54,https://picsum.photos/seed/watch54/600/600
55,https://picsum.photos/seed/watch55/600/600
56,https://picsum.photos/seed/watch56/600/600
57,https://picsum.photos/seed/watch57/600/600
58,https://picsum.photos/seed/watch58/600/600
59,https://picsum.photos/seed/watch59/600/600
60,https://picsum.photos/seed/watch60/600/600
61,https://picsum.photos/seed/watch61/600/600
62,https://picsum.photos/seed/watch62/600/600
63,https://picsum.photos/seed/watch63/600/600
64,https://picsum.photos/seed/watch64/600/600
65,https://picsum.photos/seed/watch65/600/600
66,https://picsum.photos/seed/watch66/600/600
67,https://picsum.photos/seed/watch67/600/600
68,https://picsum.photos/seed/watch68/600/600
69,https://picsum.photos/seed/watch69/600/600
70,https://picsum.photos/seed/watch70/600/600
71,https://picsum.photos/seed/watch71/600/600
72,https://picsum.photos/seed/watch72/600/600
73,https://picsum.photos/seed/watch73/600/600
74,https://picsum.photos/seed/watch74/600/600
75,https://picsum.photos/seed/watch75/600/600
76,https://picsum.photos/seed/watch76/600/600
77,https://picsum.photos/seed/watch77/600/600
78,https://picsum.photos/seed/watch78/600/600
79,https://picsum.photos/seed/watch79/600/600
80,https://picsum.photos/seed/watch80/600/600
81,https://picsum.photos/seed/watch81/600/600
82,https://picsum.photos/seed/watch82/600/600
83,https://picsum.photos/seed/watch83/600/600
84,https://picsum.photos/seed/watch84/600/600
85,https://picsum.photos/seed/watch85/600/600
86,https://picsum.photos/seed/watch86/600/600
87,https://picsum.photos/seed/watch87/600/600
88,https://picsum.photos/seed/watch88/600/600
89,https://picsum.photos/seed/watch89/600/600
90,https://picsum.photos/seed/watch90/600/600
91,https://picsum.photos/seed/watch91/600/600
92,https://picsum.photos/seed/watch92/600/600
93,https://picsum.photos/seed/watch93/600/600
94,https://picsum.photos/seed/watch94/600/600
95,https://picsum.photos/seed/watch95/600/600
96,https://picsum.photos/seed/watch96/600/600
97,https://picsum.photos/seed/watch97/600/600
98,https://picsum.photos/seed/watch98/600/600
99,https://picsum.photos/seed/watch99/600/600
100,https://picsum.photos/seed/watch100/600/600
101,https://picsum.photos/seed/watch101/600/600
102,https://picsum.photos/seed/watch102/600/600
103,https://picsum.photos/seed/watch103/600/600
104,https://picsum.photos/seed/watch104/600/600
105,https://picsum.photos/seed/watch105/600/600
106,https://picsum.photos/seed/watch106/600/600
107,https://picsum.photos/seed/watch107/600/600
108,https://picsum.photos/seed/watch108/600/600
109,https://picsum.photos/seed/watch109/600/600
110,https://picsum.photos/seed/watch110/600/600
111,https://picsum.photos/seed/watch111/600/600
112,https://picsum.photos/seed/watch112/600/600
113,https://picsum.photos/seed/watch113/600/600
114,https://picsum.photos/seed/watch114/600/600
115,https://picsum.photos/seed/watch115/600/600
116,https://picsum.photos/seed/watch116/600/600
117,https://picsum.photos/seed/watch117/600/600
118,https://picsum.photos/seed/watch118/600/600
119,https://picsum.photos/seed/watch119/600/600
120,https://picsum.photos/seed/watch120/600/600
121,https://picsum.photos/seed/watch121/600/600
122,https://picsum.photos/seed/watch122/600/600
123,https://picsum.photos/seed/watch123/600/600
124,https://picsum.photos/seed/watch124/600/600
125,https://picsum.photos/seed/watch125/600/600
126,https://picsum.photos/seed/watch126/600/600
127,https://picsum.photos/seed/watch127/600/600
128,https://picsum.photos/seed/watch128/600/600
129,https://picsum.photos/seed/watch129/600/600
130,https://picsum.photos/seed/watch130/600/600
131,https://picsum.photos/seed/watch131/600/600
132,https://picsum.photos/seed/watch132/600/600
133,https://picsum.photos/seed/watch133/600/600
134,https://picsum.photos/seed/watch134/600/600
135,https://picsum.photos/seed/watch135/600/600
136,https://picsum.photos/seed/watch136/600/600
137,https://picsum.photos/seed/watch137/600/600
138,https://picsum.photos/seed/watch138/600/600
139,https://picsum.photos/seed/watch139/600/600
140,https://picsum.photos/seed/watch140/600/600
141,https://picsum.photos/seed/watch141/600/600
142,https://picsum.photos/seed/watch142/600/600
143,https://picsum.photos/seed/watch143/600/600
144,https://picsum.photos/seed/watch144/600/600
145,https://picsum.photos/seed/watch145/600/600
146,https://picsum.photos/seed/watch146/600/600
147,https://picsum.photos/seed/watch147/600/600
148,https://picsum.photos/seed/watch148/600/600
149,https://picsum.photos/seed/watch149/600/600
150,https://picsum.photos/seed/watch150/600/600
151,https://picsum.photos/seed/watch151/600/600
152,https://picsum.photos/seed/watch152/600/600
153,https://picsum.photos/seed/watch153/600/600
154,https://picsum.photos/seed/watch154/600/600
155,https://picsum.photos/seed/watch155/600/600
156,https://picsum.photos/seed/watch156/600/600
157,https://picsum.photos/seed/watch157/600/600
158,https://picsum.photos/seed/watch158/600/600
159,https://picsum.photos/seed/watch159/600/600
160,https://picsum.photos/seed/watch160/600/600
161,https://picsum.photos/seed/watch161/600/600
162,https://picsum.photos/seed/watch162/600/600
163,https://picsum.photos/seed/watch163/600/600
164,https://picsum.photos/seed/watch164/600/600
165,https://picsum.photos/seed/watch165/600/600
166,https://picsum.photos/seed/watch166/600/600
167,https://picsum.photos/seed/watch167/600/600
168,https://picsum.photos/seed/watch168/600/600
169,https://picsum.photos/seed/watch169/600/600
170,https://picsum.photos/seed/watch170/600/600
171,https://picsum.photos/seed/watch171/600/600
172,https://picsum.photos/seed/watch172/600/600
173,https://picsum.photos/seed/watch173/600/600
174,https://picsum.photos/seed/watch174/600/600
175,https://picsum.photos/seed/watch175/600/600
176,https://picsum.photos/seed/watch176/600/600
177,https://picsum.photos/seed/watch177/600/600
178,https://picsum.photos/seed/watch178/600/600
179,https://picsum.photos/seed/watch179/600/600
180,https://picsum.photos/seed/watch180/600/600
181,https://picsum.photos/seed/watch181/600/600
182,https://picsum.photos/seed/watch182/600/600
183,https://picsum.photos/seed/watch183/600/600
184,https://picsum.photos/seed/watch184/600/600
185,https://picsum.photos/seed/watch185/600/600
186,https://picsum.photos/seed/watch186/600/600
187,https://picsum.photos/seed/watch187/600/600
188,https://picsum.photos/seed/watch188/600/600
189,https://picsum.photos/seed/watch189/600/600
190,https://picsum.photos/seed/watch190/600/600
191,https://picsum.photos/seed/watch191/600/600
192,https://picsum.photos/seed/watch192/600/600
193,https://picsum.photos/seed/watch193/600/600
194,https://picsum.photos/seed/watch194/600/600
195,https://picsum.photos/seed/watch195/600/600
196,https://picsum.photos/seed/watch196/600/600
197,https://picsum.photos/seed/watch197/600/600
198,https://picsum.photos/seed/watch198/600/600
199,https://picsum.photos/seed/watch199/600/600
200,https://picsum.photos/seed/watch200/600/600
201,https://picsum.photos/seed/watch201/600/600
202,https://picsum.photos/seed/watch202/600/600
203,https://picsum.photos/seed/watch203/600/600
204,https://picsum.photos/seed/watch204/600/600
205,https://picsum.photos/seed/watch205/600/600
206,https://picsum.photos/seed/watch206/600/600
207,https://picsum.photos/seed/watch207/600/600
208,https://picsum.photos/seed/watch208/600/600
209,https://picsum.photos/seed/watch209/600/600
210,https://picsum.photos/seed/watch210/600/600
211,https://picsum.photos/seed/watch211/600/600
212,https://picsum.photos/seed/watch212/600/600
213,https://picsum.photos/seed/watch213/600/600
214,https://picsum.photos/seed/watch214/600/600
215,https://picsum.photos/seed/watch215/600/600
216,https://picsum.photos/seed/watch216/600/600
217,https://picsum.photos/seed/watch217/600/600
218,https://picsum.photos/seed/watch218/600/600
219,https://picsum.photos/seed/watch219/600/600
220,https://picsum.photos/seed/watch220/600/600
221,https://picsum.photos/seed/watch221/600/600
222,https://picsum.photos/seed/watch222/600/600
223,https://picsum.photos/seed/watch223/600/600
224,https://picsum.photos/seed/watch224/600/600
225,https://picsum.photos/seed/watch225/600/600
226,https://picsum.photos/seed/watch226/600/600
227,https://picsum.photos/seed/watch227/600/600
228,https://picsum.photos/seed/watch228/600/600
229,https://picsum.photos/seed/watch229/600/600
230,https://picsum.photos/seed/watch230/600/600
231,https://picsum.photos/seed/watch231/600/600
232,https://picsum.photos/seed/watch232/600/600
233,https://picsum.photos/seed/watch233/600/600
234,https://picsum.photos/seed/watch234/600/600
235,https://picsum.photos/seed/watch235/600/600
236,https://picsum.photos/seed/watch236/600/600
237,https://picsum.photos/seed/watch237/600/600
238,https://picsum.photos/seed/watch238/600/600
239,https://picsum.photos/seed/watch239/600/600
240,https://picsum.photos/seed/watch240/600/600
241,https://picsum.photos/seed/watch241/600/600
242,https://picsum.photos/seed/watch242/600/600
243,https://picsum.photos/seed/watch243/600/600
244,https://picsum.photos/seed/watch244/600/600
245,https://picsum.photos/seed/watch245/600/600
246,https://picsum.photos/seed/watch246/600/600
247,https://picsum.photos/seed/watch247/600/600
248,https://picsum.photos/seed/watch248/600/600
249,https://picsum.photos/seed/watch249/600/600
250,https://picsum.photos/seed/watch250/600/600
251,https://picsum.photos/seed/watch251/600/600
252,https://picsum.photos/seed/watch252/600/600
253,https://picsum.photos/seed/watch253/600/600
254,https://picsum.photos/seed/watch254/600/600
255,https://picsum.photos/seed/watch255/600/600
256,https://picsum.photos/seed/watch256/600/600
257,https://picsum.photos/seed/watch257/600/600
258,https://picsum.photos/seed/watch258/600/600
259,https://picsum.photos/seed/watch259/600/600
260,https://picsum.photos/seed/watch260/600/600
261,https://picsum.photos/seed/watch261/600/600
262,https://picsum.photos/seed/watch262/600/600
263,https://picsum.photos/seed/watch263/600/600
264,https://picsum.photos/seed/watch264/600/600
265,https://picsum.photos/seed/watch265/600/600
266,https://picsum.photos/seed/watch266/600/600
267,https://picsum.photos/seed/watch267/600/600
268,https://picsum.photos/seed/watch268/600/600
269,https://picsum.photos/seed/watch269/600/600
270,https://picsum.photos/seed/watch270/600/600
271,https://picsum.photos/seed/watch271/600/600
272,https://picsum.photos/seed/watch272/600/600
273,https://picsum.photos/seed/watch273/600/600
274,https://picsum.photos/seed/watch274/600/600
275,https://picsum.photos/seed/watch275/600/600
276,https://picsum.photos/seed/watch276/600/600
277,https://picsum.photos/seed/watch277/600/600
278,https://picsum.photos/seed/watch278/600/600
279,https://picsum.photos/seed/watch279/600/600
280,https://picsum.photos/seed/watch280/600/600
281,https://picsum.photos/seed/watch281/600/600
282,https://picsum.photos/seed/watch282/600/600
283,https://picsum.photos/seed/watch283/600/600
284,https://picsum.photos/seed/watch284/600/600
285,https://picsum.photos/seed/watch285/600/600
286,https://picsum.photos/seed/watch286/600/600
287,https://picsum.photos/seed/watch287/600/600
288,https://picsum.photos/seed/watch288/600/600
289,https://picsum.photos/seed/watch289/600/600
290,https://picsum.photos/seed/watch290/600/600
291,https://picsum.photos/seed/watch291/600/600
292,https://picsum.photos/seed/watch292/600/600
293,https://picsum.photos/seed/watch293/600/600
294,https://picsum.photos/seed/watch294/600/600
295,https://picsum.photos/seed/watch295/600/600
296,https://picsum.photos/seed/watch296/600/600
297,https://picsum.photos/seed/watch297/600/600
298,https://picsum.photos/seed/watch298/600/600
299,https://picsum.photos/seed/watch299/600/600
300,https://picsum.photos/seed/watch300/600/600
301,https://picsum.photos/seed/watch301/600/600
302,https://picsum.photos/seed/watch302/600/600
303,https://picsum.photos/seed/watch303/600/600
304,https://picsum.photos/seed/watch304/600/600
305,https://picsum.photos/seed/watch305/600/600
306,https://picsum.photos/seed/watch306/600/600
307,https://picsum.photos/seed/watch307/600/600
308,https://picsum.photos/seed/watch308/600/600
309,https://picsum.photos/seed/watch309/600/600
310,https://picsum.photos/seed/watch310/600/600
311,https://picsum.photos/seed/watch311/600/600
312,https://picsum.photos/seed/watch312/600/600
313,https://picsum.photos/seed/watch313/600/600
314,https://picsum.photos/seed/watch314/600/600
315,https://picsum.photos/seed/watch315/600/600
316,https://picsum.photos/seed/watch316/600/600
317,https://picsum.photos/seed/watch317/600/600
318,https://picsum.photos/seed/watch318/600/600
319,https://picsum.photos/seed/watch319/600/600
320,https://picsum.photos/seed/watch320/600/600
321,https://picsum.photos/seed/watch321/600/600
322,https://picsum.photos/seed/watch322/600/600
323,https://picsum.photos/seed/watch323/600/600
324,https://picsum.photos/seed/watch324/600/600
325,https://picsum.photos/seed/watch325/600/600
326,https://picsum.photos/seed/watch326/600/600
327,https://picsum.photos/seed/watch327/600/600
328,https://picsum.photos/seed/watch328/600/600
329,https://picsum.photos/seed/watch329/600/600
330,https://picsum.photos/seed/watch330/600/600
331,https://picsum.photos/seed/watch331/600/600
332,https://picsum.photos/seed/watch332/600/600
333,https://picsum.photos/seed/watch333/600/600
334,https://picsum.photos/seed/watch334/600/600
335,https://picsum.photos/seed/watch335/600/600
336,https://picsum.photos/seed/watch336/600/600
337,https://picsum.photos/seed/watch337/600/600
338,https://picsum.photos/seed/watch338/600/600
339,https://picsum.photos/seed/watch339/600/600
340,https://picsum.photos/seed/watch340/600/600
341,https://picsum.photos/seed/watch341/600/600
342,https://picsum.photos/seed/watch342/600/600
343,https://picsum.photos/seed/watch343/600/600
344,https://picsum.photos/seed/watch344/600/600
345,https://picsum.photos/seed/watch345/600/600
346,https://picsum.photos/seed/watch346/600/600
347,https://picsum.photos/seed/watch347/600/600
348,https://picsum.photos/seed/watch348/600/600
349,https://picsum.photos/seed/watch349/600/600
350,https://picsum.photos/seed/watch350/600/600
351,https://picsum.photos/seed/watch351/600/600
352,https://picsum.photos/seed/watch352/600/600
353,https://picsum.photos/seed/watch353/600/600
354,https://picsum.photos/seed/watch354/600/600
355,https://picsum.photos/seed/watch355/600/600
356,https://picsum.photos/seed/watch356/600/600
357,https://picsum.photos/seed/watch357/600/600
358,https://picsum.photos/seed/watch358/600/600
359,https://picsum.photos/seed/watch359/600/600
360,https://picsum.photos/seed/watch360/600/600
361,https://picsum.photos/seed/watch361/600/600
362,https://picsum.photos/seed/watch362/600/600
363,https://picsum.photos/seed/watch363/600/600
364,https://picsum.photos/seed/watch364/600/600
365,https://picsum.photos/seed/watch365/600/600
366,https://picsum.photos/seed/watch366/600/600
367,https://picsum.photos/seed/watch367/600/600
368,https://picsum.photos/seed/watch368/600/600
369,https://picsum.photos/seed/watch369/600/600
370,https://picsum.photos/seed/watch370/600/600
371,https://picsum.photos/seed/watch371/600/600
372,https://picsum.photos/seed/watch372/600/600
373,https://picsum.photos/seed/watch373/600/600
374,https://picsum.photos/seed/watch374/600/600
375,https://picsum.photos/seed/watch375/600/600
376,https://picsum.photos/seed/watch376/600/600
377,https://picsum.photos/seed/watch377/600/600
378,https://picsum.photos/seed/watch378/600/600
379,https://picsum.photos/seed/watch379/600/600
380,https://picsum.photos/seed/watch380/600/600
381,https://picsum.photos/seed/watch381/600/600
382,https://picsum.photos/seed/watch382/600/600
383,https://picsum.photos/seed/watch383/600/600
384,https://picsum.photos/seed/watch384/600/600
385,https://picsum.photos/seed/watch385/600/600
386,https://picsum.photos/seed/watch386/600/600
387,https://picsum.photos/seed/watch387/600/600
388,https://picsum.photos/seed/watch388/600/600
389,https://picsum.photos/seed/watch389/600/600
390,https://picsum.photos/seed/watch390/600/600
391,https://picsum.photos/seed/watch391/600/600
392,https://picsum.photos/seed/watch392/600/600
393,https://picsum.photos/seed/watch393/600/600
394,https://picsum.photos/seed/watch394/600/600
395,https://picsum.photos/seed/watch395/600/600
396,https://picsum.photos/seed/watch396/600/600
397,https://picsum.photos/seed/watch397/600/600
398,https://picsum.photos/seed/watch398/600/600
399,https://picsum.photos/seed/watch399/600/600
400,https://picsum.photos/seed/watch400/600/600
401,https://picsum.photos/seed/watch401/600/600
402,https://picsum.photos/seed/watch402/600/600
403,https://picsum.photos/seed/watch403/600/600
404,https://picsum.photos/seed/watch404/600/600
405,https://picsum.photos/seed/watch405/600/600
406,https://picsum.photos/seed/watch406/600/600
407,https://picsum.photos/seed/watch407/600/600
408,https://picsum.photos/seed/watch408/600/600
409,https://picsum.photos/seed/watch409/600/600
410,https://picsum.photos/seed/watch410/600/600
411,https://picsum.photos/seed/watch411/600/600
412,https://picsum.photos/seed/watch412/600/600
413,https://picsum.photos/seed/watch413/600/600
414,https://picsum.photos/seed/watch414/600/600
415,https://picsum.photos/seed/watch415/600/600
416,https://picsum.photos/seed/watch416/600/600
417,https://picsum.photos/seed/watch417/600/600
418,https://picsum.photos/seed/watch418/600/600
419,https://picsum.photos/seed/watch419/600/600
420,https://picsum.photos/seed/watch420/600/600
421,https://picsum.photos/seed/watch421/600/600
422,https://picsum.photos/seed/watch422/600/600
423,https://picsum.photos/seed/watch423/600/600
424,https://picsum.photos/seed/watch424/600/600
425,https://picsum.photos/seed/watch425/600/600
426,https://picsum.photos/seed/watch426/600/600
427,https://picsum.photos/seed/watch427/600/600
428,https://picsum.photos/seed/watch428/600/600
429,https://picsum.photos/seed/watch429/600/600
430,https://picsum.photos/seed/watch430/600/600
431,https://picsum.photos/seed/watch431/600/600
432,https://picsum.photos/seed/watch432/600/600
433,https://picsum.photos/seed/watch433/600/600
434,https://picsum.photos/seed/watch434/600/600
435,https://picsum.photos/seed/watch435/600/600
436,https://picsum.photos/seed/watch436/600/600
437,https://picsum.photos/seed/watch437/600/600
438,https://picsum.photos/seed/watch438/600/600
439,https://picsum.photos/seed/watch439/600/600
440,https://picsum.photos/seed/watch440/600/600
441,https://picsum.photos/seed/watch441/600/600
442,https://picsum.photos/seed/watch442/600/600
443,https://picsum.photos/seed/watch443/600/600
444,https://picsum.photos/seed/watch444/600/600
445,https://picsum.photos/seed/watch445/600/600
446,https://picsum.photos/seed/watch446/600/600
447,https://picsum.photos/seed/watch447/600/600
448,https://picsum.photos/seed/watch448/600/600
449,https://picsum.photos/seed/watch449/600/600
450,https://picsum.photos/seed/watch450/600/600
451,https://picsum.photos/seed/watch451/600/600
452,https://picsum.photos/seed/watch452/600/600
453,https://picsum.photos/seed/watch453/600/600
454,https://picsum.photos/seed/watch454/600/600
455,https://picsum.photos/seed/watch455/600/600
456,https://picsum.photos/seed/watch456/600/600
457,https://picsum.photos/seed/watch457/600/600
458,https://picsum.photos/seed/watch458/600/600
459,https://picsum.photos/seed/watch459/600/600
460,https://picsum.photos/seed/watch460/600/600
461,https://picsum.photos/seed/watch461/600/600
462,https://picsum.photos/seed/watch462/600/600
463,https://picsum.photos/seed/watch463/600/600
464,https://picsum.photos/seed/watch464/600/600
465,https://picsum.photos/seed/watch465/600/600
466,https://picsum.photos/seed/watch466/600/600
467,https://picsum.photos/seed/watch467/600/600
468,https://picsum.photos/seed/watch468/600/600
469,https://picsum.photos/seed/watch469/600/600
470,https://picsum.photos/seed/watch470/600/600
471,https://picsum.photos/seed/watch471/600/600
472,https://picsum.photos/seed/watch472/600/600
473,https://picsum.photos/seed/watch473/600/600
474,https://picsum.photos/seed/watch474/600/600
475,https://picsum.photos/seed/watch475/600/600
476,https://picsum.photos/seed/watch476/600/600
477,https://picsum.photos/seed/watch477/600/600
478,https://picsum.photos/seed/watch478/600/600
479,https://picsum.photos/seed/watch479/600/600
480,https://picsum.photos/seed/watch480/600/600
481,https://picsum.photos/seed/watch481/600/600
482,https://picsum.photos/seed/watch482/600/600
483,https://picsum.photos/seed/watch483/600/600
484,https://picsum.photos/seed/watch484/600/600
485,https://picsum.photos/seed/watch485/600/600
486,https://picsum.photos/seed/watch486/600/600
487,https://picsum.photos/seed/watch487/600/600
488,https://picsum.photos/seed/watch488/600/600
489,https://picsum.photos/seed/watch489/600/600
490,https://picsum.photos/seed/watch490/600/600
491,https://picsum.photos/seed/watch491/600/600
492,https://picsum.photos/seed/watch492/600/600
493,https://picsum.photos/seed/watch493/600/600
494,https://picsum.photos/seed/watch494/600/600
495,https://picsum.photos/seed/watch495/600/600
496,https://picsum.photos/seed/watch496/600/600
497,https://picsum.photos/seed/watch497/600/600
498,https://picsum.photos/seed/watch498/600/600
499,https://picsum.photos/seed/watch499/600/600
500,https://picsum.photos/seed/watch500/600/600
501,https://picsum.photos/seed/watch501/600/600
502,https://picsum.photos/seed/watch502/600/600
503,https://picsum.photos/seed/watch503/600/600
504,https://picsum.photos/seed/watch504/600/600
505,https://picsum.photos/seed/watch505/600/600
506,https://picsum.photos/seed/watch506/600/600
507,https://picsum.photos/seed/watch507/600/600
508,https://picsum.photos/seed/watch508/600/600
509,https://picsum.photos/seed/watch509/600/600
510,https://picsum.photos/seed/watch510/600/600
511,https://picsum.photos/seed/watch511/600/600
512,https://picsum.photos/seed/watch512/600/600
513,https://picsum.photos/seed/watch513/600/600
514,https://picsum.photos/seed/watch514/600/600
515,https://picsum.photos/seed/watch515/600/600
516,https://picsum.photos/seed/watch516/600/600
517,https://picsum.photos/seed/watch517/600/600
518,https://picsum.photos/seed/watch518/600/600
519,https://picsum.photos/seed/watch519/600/600
520,https://picsum.photos/seed/watch520/600/600
521,https://picsum.photos/seed/watch521/600/600
522,https://picsum.photos/seed/watch522/600/600
523,https://picsum.photos/seed/watch523/600/600
524,https://picsum.photos/seed/watch524/600/600
525,https://picsum.photos/seed/watch525/600/600
526,https://picsum.photos/seed/watch526/600/600
527,https://picsum.photos/seed/watch527/600/600
528,https://picsum.photos/seed/watch528/600/600
529,https://picsum.photos/seed/watch529/600/600
530,https://picsum.photos/seed/watch530/600/600
531,https://picsum.photos/seed/watch531/600/600
532,https://picsum.photos/seed/watch532/600/600
533,https://picsum.photos/seed/watch533/600/600
534,https://picsum.photos/seed/watch534/600/600
535,https://picsum.photos/seed/watch535/600/600
536,https://picsum.photos/seed/watch536/600/600
537,https://picsum.photos/seed/watch537/600/600
538,https://picsum.photos/seed/watch538/600/600
539,https://picsum.photos/seed/watch539/600/600
540,https://picsum.photos/seed/watch540/600/600
541,https://picsum.photos/seed/watch541/600/600
542,https://picsum.photos/seed/watch542/600/600
543,https://picsum.photos/seed/watch543/600/600
544,https://picsum.photos/seed/watch544/600/600
545,https://picsum.photos/seed/watch545/600/600
546,https://picsum.photos/seed/watch546/600/600
547,https://picsum.photos/seed/watch547/600/600
548,https://picsum.photos/seed/watch548/600/600
549,https://picsum.photos/seed/watch549/600/600
550,https://picsum.photos/seed/watch550/600/600
551,https://picsum.photos/seed/watch551/600/600
552,https://picsum.photos/seed/watch552/600/600
553,https://picsum.photos/seed/watch553/600/600
554,https://picsum.photos/seed/watch554/600/600
555,https://picsum.photos/seed/watch555/600/600
556,https://picsum.photos/seed/watch556/600/600
557,https://picsum.photos/seed/watch557/600/600
558,https://picsum.photos/seed/watch558/600/600
559,https://picsum.photos/seed/watch559/600/600
560,https://picsum.photos/seed/watch560/600/600
561,https://picsum.photos/seed/watch561/600/600
562,https://picsum.photos/seed/watch562/600/600
563,https://picsum.photos/seed/watch563/600/600
564,https://picsum.photos/seed/watch564/600/600
565,https://picsum.photos/seed/watch565/600/600
566,https://picsum.photos/seed/watch566/600/600
567,https://picsum.photos/seed/watch567/600/600
568,https://picsum.photos/seed/watch568/600/600
569,https://picsum.photos/seed/watch569/600/600
570,https://picsum.photos/seed/watch570/600/600
571,https://picsum.photos/seed/watch571/600/600
572,https://picsum.photos/seed/watch572/600/600
573,https://picsum.photos/seed/watch573/600/600
574,https://picsum.photos/seed/watch574/600/600
575,https://picsum.photos/seed/watch575/600/600
576,https://picsum.photos/seed/watch576/600/600
577,https://picsum.photos/seed/watch577/600/600
578,https://picsum.photos/seed/watch578/600/600
579,https://picsum.photos/seed/watch579/600/600
580,https://picsum.photos/seed/watch580/600/600
581,https://picsum.photos/seed/watch581/600/600
582,https://picsum.photos/seed/watch582/600/600
583,https://picsum.photos/seed/watch583/600/600
584,https://picsum.photos/seed/watch584/600/600
585,https://picsum.photos/seed/watch585/600/600
586,https://picsum.photos/seed/watch586/600/600
587,https://picsum.photos/seed/watch587/600/600
588,https://picsum.photos/seed/watch588/600/600
589,https://picsum.photos/seed/watch589/600/600
590,https://picsum.photos/seed/watch590/600/600
591,https://picsum.photos/seed/watch591/600/600
592,https://picsum.photos/seed/watch592/600/600
593,https://picsum.photos/seed/watch593/600/600
594,https://picsum.photos/seed/watch594/600/600
595,https://picsum.photos/seed/watch595/600/600
596,https://picsum.photos/seed/watch596/600/600
597,https://picsum.photos/seed/watch597/600/600
598,https://picsum.photos/seed/watch598/600/600
599,https://picsum.photos/seed/watch599/600/600
600,https://picsum.photos/seed/watch600/600/600
601,https://picsum.photos/seed/watch601/600/600
602,https://picsum.photos/seed/watch602/600/600
603,https://picsum.photos/seed/watch603/600/600
604,https://picsum.photos/seed/watch604/600/600
605,https://picsum.photos/seed/watch605/600/600
606,https://picsum.photos/seed/watch606/600/600
607,https://picsum.photos/seed/watch607/600/600
608,https://picsum.photos/seed/watch608/600/600
609,https://picsum.photos/seed/watch609/600/600
610,https://picsum.photos/seed/watch610/600/600
611,https://picsum.photos/seed/watch611/600/600
612,https://picsum.photos/seed/watch612/600/600
613,https://picsum.photos/seed/watch613/600/600
614,https://picsum.photos/seed/watch614/600/600
615,https://picsum.photos/seed/watch615/600/600
616,https://picsum.photos/seed/watch616/600/600
617,https://picsum.photos/seed/watch617/600/600
618,https://picsum.photos/seed/watch618/600/600
619,https://picsum.photos/seed/watch619/600/600
620,https://picsum.photos/seed/watch620/600/600
621,https://picsum.photos/seed/watch621/600/600
622,https://picsum.photos/seed/watch622/600/600
623,https://picsum.photos/seed/watch623/600/600
624,https://picsum.photos/seed/watch624/600/600
625,https://picsum.photos/seed/watch625/600/600
626,https://picsum.photos/seed/watch626/600/600
627,https://picsum.photos/seed/watch627/600/600
628,https://picsum.photos/seed/watch628/600/600
629,https://picsum.photos/seed/watch629/600/600
630,https://picsum.photos/seed/watch630/600/600
631,https://picsum.photos/seed/watch631/600/600
632,https://picsum.photos/seed/watch632/600/600
633,https://picsum.photos/seed/watch633/600/600
634,https://picsum.photos/seed/watch634/600/600
635,https://picsum.photos/seed/watch635/600/600
636,https://picsum.photos/seed/watch636/600/600
637,https://picsum.photos/seed/watch637/600/600
638,https://picsum.photos/seed/watch638/600/600
639,https://picsum.photos/seed/watch639/600/600
640,https://picsum.photos/seed/watch640/600/600
641,https://picsum.photos/seed/watch641/600/600
642,https://picsum.photos/seed/watch642/600/600
643,https://picsum.photos/seed/watch643/600/600
644,https://picsum.photos/seed/watch644/600/600
645,https://picsum.photos/seed/watch645/600/600
646,https://picsum.photos/seed/watch646/600/600
647,https://picsum.photos/seed/watch647/600/600
648,https://picsum.photos/seed/watch648/600/600
649,https://picsum.photos/seed/watch649/600/600
650,https://picsum.photos/seed/watch650/600/600
651,https://picsum.photos/seed/watch651/600/600
652,https://picsum.photos/seed/watch652/600/600
653,https://picsum.photos/seed/watch653/600/600
654,https://picsum.photos/seed/watch654/600/600
655,https://picsum.photos/seed/watch655/600/600
656,https://picsum.photos/seed/watch656/600/600
657,https://picsum.photos/seed/watch657/600/600
658,https://picsum.photos/seed/watch658/600/600
659,https://picsum.photos/seed/watch659/600/600
660,https://picsum.photos/seed/watch660/600/600
661,https://picsum.photos/seed/watch661/600/600
662,https://picsum.photos/seed/watch662/600/600
663,https://picsum.photos/seed/watch663/600/600
664,https://picsum.photos/seed/watch664/600/600
665,https://picsum.photos/seed/watch665/600/600
666,https://picsum.photos/seed/watch666/600/600
667,https://picsum.photos/seed/watch667/600/600
668,https://picsum.photos/seed/watch668/600/600
669,https://picsum.photos/seed/watch669/600/600
670,https://picsum.photos/seed/watch670/600/600
671,https://picsum.photos/seed/watch671/600/600
672,https://picsum.photos/seed/watch672/600/600
673,https://picsum.photos/seed/watch673/600/600
674,https://picsum.photos/seed/watch674/600/600
675,https://picsum.photos/seed/watch675/600/600
676,https://picsum.photos/seed/watch676/600/600
677,https://picsum.photos/seed/watch677/600/600
678,https://picsum.photos/seed/watch678/600/600
679,https://picsum.photos/seed/watch679/600/600
680,https://picsum.photos/seed/watch680/600/600
681,https://picsum.photos/seed/watch681/600/600
682,https://picsum.photos/seed/watch682/600/600
683,https://picsum.photos/seed/watch683/600/600
684,https://picsum.photos/seed/watch684/600/600
685,https://picsum.photos/seed/watch685/600/600
686,https://picsum.photos/seed/watch686/600/600
687,https://picsum.photos/seed/watch687/600/600
688,https://picsum.photos/seed/watch688/600/600
689,https://picsum.photos/seed/watch689/600/600
690,https://picsum.photos/seed/watch690/600/600
691,https://picsum.photos/seed/watch691/600/600
692,https://picsum.photos/seed/watch692/600/600
693,https://picsum.photos/seed/watch693/600/600
694,https://picsum.photos/seed/watch694/600/600
695,https://picsum.photos/seed/watch695/600/600
696,https://picsum.photos/seed/watch696/600/600
697,https://picsum.photos/seed/watch697/600/600
698,https://picsum.photos/seed/watch698/600/600
699,https://picsum.photos/seed/watch699/600/600
700,https://picsum.photos/seed/watch700/600/600
701,https://picsum.photos/seed/watch701/600/600
702,https://picsum.photos/seed/watch702/600/600
703,https://picsum.photos/seed/watch703/600/600
704,https://picsum.photos/seed/watch704/600/600
705,https://picsum.photos/seed/watch705/600/600
706,https://picsum.photos/seed/watch706/600/600
707,https://picsum.photos/seed/watch707/600/600
708,https://picsum.photos/seed/watch708/600/600
709,https://picsum.photos/seed/watch709/600/600
710,https://picsum.photos/seed/watch710/600/600
711,https://picsum.photos/seed/watch711/600/600
712,https://picsum.photos/seed/watch712/600/600
713,https://picsum.photos/seed/watch713/600/600
714,https://picsum.photos/seed/watch714/600/600
715,https://picsum.photos/seed/watch715/600/600
716,https://picsum.photos/seed/watch716/600/600
717,https://picsum.photos/seed/watch717/600/600
718,https://picsum.photos/seed/watch718/600/600
719,https://picsum.photos/seed/watch719/600/600
720,https://picsum.photos/seed/watch720/600/600
721,https://picsum.photos/seed/watch721/600/600
722,https://picsum.photos/seed/watch722/600/600
723,https://picsum.photos/seed/watch723/600/600
724,https://picsum.photos/seed/watch724/600/600
725,https://picsum.photos/seed/watch725/600/600
726,https://picsum.photos/seed/watch726/600/600
727,https://picsum.photos/seed/watch727/600/600
728,https://picsum.photos/seed/watch728/600/600
729,https://picsum.photos/seed/watch729/600/600
730,https://picsum.photos/seed/watch730/600/600
731,https://picsum.photos/seed/watch731/600/600
732,https://picsum.photos/seed/watch732/600/600
733,https://picsum.photos/seed/watch733/600/600
734,https://picsum.photos/seed/watch734/600/600
735,https://picsum.photos/seed/watch735/600/600
736,https://picsum.photos/seed/watch736/600/600
737,https://picsum.photos/seed/watch737/600/600
738,https://picsum.photos/seed/watch738/600/600
739,https://picsum.photos/seed/watch739/600/600
740,https://picsum.photos/seed/watch740/600/600
741,https://picsum.photos/seed/watch741/600/600
742,https://picsum.photos/seed/watch742/600/600
743,https://picsum.photos/seed/watch743/600/600
744,https://picsum.photos/seed/watch744/600/600
745,https://picsum.photos/seed/watch745/600/600
746,https://picsum.photos/seed/watch746/600/600
747,https://picsum.photos/seed/watch747/600/600
748,https://picsum.photos/seed/watch748/600/600
749,https://picsum.photos/seed/watch749/600/600
750,https://picsum.photos/seed/watch750/600/600
751,https://picsum.photos/seed/watch751/600/600
752,https://picsum.photos/seed/watch752/600/600
753,https://picsum.photos/seed/watch753/600/600
754,https://picsum.photos/seed/watch754/600/600
755,https://picsum.photos/seed/watch755/600/600
756,https://picsum.photos/seed/watch756/600/600
757,https://picsum.photos/seed/watch757/600/600
758,https://picsum.photos/seed/watch758/600/600
759,https://picsum.photos/seed/watch759/600/600
760,https://picsum.photos/seed/watch760/600/600
761,https://picsum.photos/seed/watch761/600/600
762,https://picsum.photos/seed/watch762/600/600
763,https://picsum.photos/seed/watch763/600/600
764,https://picsum.photos/seed/watch764/600/600
765,https://picsum.photos/seed/watch765/600/600
766,https://picsum.photos/seed/watch766/600/600
767,https://picsum.photos/seed/watch767/600/600
768,https://picsum.photos/seed/watch768/600/600
769,https://picsum.photos/seed/watch769/600/600
770,https://picsum.photos/seed/watch770/600/600
771,https://picsum.photos/seed/watch771/600/600
772,https://picsum.photos/seed/watch772/600/600
773,https://picsum.photos/seed/watch773/600/600
774,https://picsum.photos/seed/watch774/600/600
775,https://picsum.photos/seed/watch775/600/600
776,https://picsum.photos/seed/watch776/600/600
777,https://picsum.photos/seed/watch777/600/600
778,https://picsum.photos/seed/watch778/600/600
779,https://picsum.photos/seed/watch779/600/600
780,https://picsum.photos/seed/watch780/600/600
781,https://picsum.photos/seed/watch781/600/600
782,https://picsum.photos/seed/watch782/600/600
783,https://picsum.photos/seed/watch783/600/600
784,https://picsum.photos/seed/watch784/600/600
785,https://picsum.photos/seed/watch785/600/600
786,https://picsum.photos/seed/watch786/600/600
787,https://picsum.photos/seed/watch787/600/600
788,https://picsum.photos/seed/watch788/600/600
789,https://picsum.photos/seed/watch789/600/600
790,https://picsum.photos/seed/watch790/600/600
791,https://picsum.photos/seed/watch791/600/600
792,https://picsum.photos/seed/watch792/600/600
793,https://picsum.photos/seed/watch793/600/600
794,https://picsum.photos/seed/watch794/600/600
795,https://picsum.photos/seed/watch795/600/600
796,https://picsum.photos/seed/watch796/600/600
797,https://picsum.photos/seed/watch797/600/600
798,https://picsum.photos/seed/watch798/600/600
799,https://picsum.photos/seed/watch799/600/600
800,https://picsum.photos/seed/watch800/600/600
801,https://picsum.photos/seed/watch801/600/600
802,https://picsum.photos/seed/watch802/600/600
803,https://picsum.photos/seed/watch803/600/600
804,https://picsum.photos/seed/watch804/600/600
805,https://picsum.photos/seed/watch805/600/600
806,https://picsum.photos/seed/watch806/600/600
807,https://picsum.photos/seed/watch807/600/600
808,https://picsum.photos/seed/watch808/600/600
809,https://picsum.photos/seed/watch809/600/600
810,https://picsum.photos/seed/watch810/600/600
811,https://picsum.photos/seed/watch811/600/600
812,https://picsum.photos/seed/watch812/600/600
813,https://picsum.photos/seed/watch813/600/600
814,https://picsum.photos/seed/watch814/600/600
815,https://picsum.photos/seed/watch815/600/600
816,https://picsum.photos/seed/watch816/600/600
817,https://picsum.photos/seed/watch817/600/600
818,https://picsum.photos/seed/watch818/600/600
819,https://picsum.photos/seed/watch819/600/600
820,https://picsum.photos/seed/watch820/600/600
821,https://picsum.photos/seed/watch821/600/600
822,https://picsum.photos/seed/watch822/600/600
823,https://picsum.photos/seed/watch823/600/600
824,https://picsum.photos/seed/watch824/600/600
825,https://picsum.photos/seed/watch825/600/600
826,https://picsum.photos/seed/watch826/600/600
827,https://picsum.photos/seed/watch827/600/600
828,https://picsum.photos/seed/watch828/600/600
829,https://picsum.photos/seed/watch829/600/600
830,https://picsum.photos/seed/watch830/600/600
831,https://picsum.photos/seed/watch831/600/600
832,https://picsum.photos/seed/watch832/600/600
833,https://picsum.photos/seed/watch833/600/600
834,https://picsum.photos/seed/watch834/600/600
835,https://picsum.photos/seed/watch835/600/600
836,https://picsum.photos/seed/watch836/600/600
837,https://picsum.photos/seed/watch837/600/600
838,https://picsum.photos/seed/watch838/600/600
839,https://picsum.photos/seed/watch839/600/600
840,https://picsum.photos/seed/watch840/600/600
841,https://picsum.photos/seed/watch841/600/600
842,https://picsum.photos/seed/watch842/600/600
843,https://picsum.photos/seed/watch843/600/600
844,https://picsum.photos/seed/watch844/600/600
845,https://picsum.photos/seed/watch845/600/600
846,https://picsum.photos/seed/watch846/600/600
847,https://picsum.photos/seed/watch847/600/600
848,https://picsum.photos/seed/watch848/600/600
849,https://picsum.photos/seed/watch849/600/600
850,https://picsum.photos/seed/watch850/600/600
851,https://picsum.photos/seed/watch851/600/600
852,https://picsum.photos/seed/watch852/600/600
853,https://picsum.photos/seed/watch853/600/600
854,https://picsum.photos/seed/watch854/600/600
855,https://picsum.photos/seed/watch855/600/600
856,https://picsum.photos/seed/watch856/600/600
857,https://picsum.photos/seed/watch857/600/600
858,https://picsum.photos/seed/watch858/600/600
859,https://picsum.photos/seed/watch859/600/600
860,https://picsum.photos/seed/watch860/600/600
861,https://picsum.photos/seed/watch861/600/600
862,https://picsum.photos/seed/watch862/600/600
863,https://picsum.photos/seed/watch863/600/600
864,https://picsum.photos/seed/watch864/600/600
865,https://picsum.photos/seed/watch865/600/600
866,https://picsum.photos/seed/watch866/600/600
867,https://picsum.photos/seed/watch867/600/600
868,https://picsum.photos/seed/watch868/600/600
869,https://picsum.photos/seed/watch869/600/600
870,https://picsum.photos/seed/watch870/600/600
871,https://picsum.photos/seed/watch871/600/600
872,https://picsum.photos/seed/watch872/600/600
873,https://picsum.photos/seed/watch873/600/600
874,https://picsum.photos/seed/watch874/600/600
875,https://picsum.photos/seed/watch875/600/600
876,https://picsum.photos/seed/watch876/600/600
877,https://picsum.photos/seed/watch877/600/600
878,https://picsum.photos/seed/watch878/600/600
879,https://picsum.photos/seed/watch879/600/600
880,https://picsum.photos/seed/watch880/600/600
881,https://picsum.photos/seed/watch881/600/600
882,https://picsum.photos/seed/watch882/600/600
883,https://picsum.photos/seed/watch883/600/600
884,https://picsum.photos/seed/watch884/600/600
885,https://picsum.photos/seed/watch885/600/600
886,https://picsum.photos/seed/watch886/600/600
887,https://picsum.photos/seed/watch887/600/600
888,https://picsum.photos/seed/watch888/600/600
889,https://picsum.photos/seed/watch889/600/600
890,https://picsum.photos/seed/watch890/600/600
891,https://picsum.photos/seed/watch891/600/600
892,https://picsum.photos/seed/watch892/600/600
893,https://picsum.photos/seed/watch893/600/600
894,https://picsum.photos/seed/watch894/600/600
895,https://picsum.photos/seed/watch895/600/600
896,https://picsum.photos/seed/watch896/600/600
897,https://picsum.photos/seed/watch897/600/600
898,https://picsum.photos/seed/watch898/600/600
899,https://picsum.photos/seed/watch899/600/600
900,https://picsum.photos/seed/watch900/600/600
901,https://picsum.photos/seed/watch901/600/600
902,https://picsum.photos/seed/watch902/600/600
903,https://picsum.photos/seed/watch903/600/600
904,https://picsum.photos/seed/watch904/600/600
905,https://picsum.photos/seed/watch905/600/600
906,https://picsum.photos/seed/watch906/600/600
907,https://picsum.photos/seed/watch907/600/600
908,https://picsum.photos/seed/watch908/600/600
909,https://picsum.photos/seed/watch909/600/600
910,https://picsum.photos/seed/watch910/600/600
911,https://picsum.photos/seed/watch911/600/600
912,https://picsum.photos/seed/watch912/600/600
913,https://picsum.photos/seed/watch913/600/600
914,https://picsum.photos/seed/watch914/600/600
915,https://picsum.photos/seed/watch915/600/600
916,https://picsum.photos/seed/watch916/600/600
917,https://picsum.photos/seed/watch917/600/600
918,https://picsum.photos/seed/watch918/600/600
919,https://picsum.photos/seed/watch919/600/600
920,https://picsum.photos/seed/watch920/600/600
921,https://picsum.photos/seed/watch921/600/600
922,https://picsum.photos/seed/watch922/600/600
923,https://picsum.photos/seed/watch923/600/600
924,https://picsum.photos/seed/watch924/600/600
925,https://picsum.photos/seed/watch925/600/600
926,https://picsum.photos/seed/watch926/600/600
927,https://picsum.photos/seed/watch927/600/600
928,https://picsum.photos/seed/watch928/600/600
929,https://picsum.photos/seed/watch929/600/600
930,https://picsum.photos/seed/watch930/600/600
931,https://picsum.photos/seed/watch931/600/600
932,https://picsum.photos/seed/watch932/600/600
933,https://picsum.photos/seed/watch933/600/600
934,https://picsum.photos/seed/watch934/600/600
935,https://picsum.photos/seed/watch935/600/600
936,https://picsum.photos/seed/watch936/600/600
937,https://picsum.photos/seed/watch937/600/600
938,https://picsum.photos/seed/watch938/600/600
939,https://picsum.photos/seed/watch939/600/600
940,https://picsum.photos/seed/watch940/600/600
941,https://picsum.photos/seed/watch941/600/600
942,https://picsum.photos/seed/watch942/600/600
943,https://picsum.photos/seed/watch943/600/600
944,https://picsum.photos/seed/watch944/600/600
945,https://picsum.photos/seed/watch945/600/600
946,https://picsum.photos/seed/watch946/600/600
947,https://picsum.photos/seed/watch947/600/600
948,https://picsum.photos/seed/watch948/600/600
949,https://picsum.photos/seed/watch949/600/600
950,https://picsum.photos/seed/watch950/600/600
951,https://picsum.photos/seed/watch951/600/600
952,https://picsum.photos/seed/watch952/600/600
953,https://picsum.photos/seed/watch953/600/600
954,https://picsum.photos/seed/watch954/600/600
955,https://picsum.photos/seed/watch955/600/600
956,https://picsum.photos/seed/watch956/600/600
957,https://picsum.photos/seed/watch957/600/600
958,https://picsum.photos/seed/watch958/600/600
959,https://picsum.photos/seed/watch959/600/600
960,https://picsum.photos/seed/watch960/600/600
961,https://picsum.photos/seed/watch961/600/600
962,https://picsum.photos/seed/watch962/600/600
963,https://picsum.photos/seed/watch963/600/600
964,https://picsum.photos/seed/watch964/600/600
965,https://picsum.photos/seed/watch965/600/600
966,https://picsum.photos/seed/watch966/600/600
967,https://picsum.photos/seed/watch967/600/600
968,https://picsum.photos/seed/watch968/600/600
969,https://picsum.photos/seed/watch969/600/600
970,https://picsum.photos/seed/watch970/600/600
971,https://picsum.photos/seed/watch971/600/600
972,https://picsum.photos/seed/watch972/600/600
973,https://picsum.photos/seed/watch973/600/600
974,https://picsum.photos/seed/watch974/600/600
975,https://picsum.photos/seed/watch975/600/600
976,https://picsum.photos/seed/watch976/600/600
977,https://picsum.photos/seed/watch977/600/600
978,https://picsum.photos/seed/watch978/600/600
979,https://picsum.photos/seed/watch979/600/600
980,https://picsum.photos/seed/watch980/600/600
981,https://picsum.photos/seed/watch981/600/600
982,https://picsum.photos/seed/watch982/600/600
983,https://picsum.photos/seed/watch983/600/600
984,https://picsum.photos/seed/watch984/600/600
985,https://picsum.photos/seed/watch985/600/600
986,https://picsum.photos/seed/watch986/600/600
987,https://picsum.photos/seed/watch987/600/600
988,https://picsum.photos/seed/watch988/600/600
989,https://picsum.photos/seed/watch989/600/600
990,https://picsum.photos/seed/watch990/600/600
991,https://picsum.photos/seed/watch991/600/600
992,https://picsum.photos/seed/watch992/600/600
993,https://picsum.photos/seed/watch993/600/600
994,https://picsum.photos/seed/watch994/600/600
995,https://picsum.photos/seed/watch995/600/600
996,https://picsum.photos/seed/watch996/600/600
997,https://picsum.photos/seed/watch997/600/600
998,https://picsum.photos/seed/watch998/600/600
999,https://picsum.photos/seed/watch999/600/600
1000,https://picsum.photos/seed/watch1000/600/600
