ProductID,VendorID,CategoryID,SubCategoryID,ProductName,Price,Discount,Rating,Color,StrapMaterial,WarrantyMonths,Stock
1,11,1,2,Citizen Model 1,2433,10,4.3,Silver,Leather,36,223
2,1,1,5,Titan Model 2,19772,25,4.3,Green,Leather,36,287
3,12,1,6,Maxima Model 3,7286,0,4.7,Green,Nylon,36,137
4,8,1,5,Noise Model 4,9771,20,4.9,Gold,Rubber,24,136
5,8,1,2,Noise Model 5,5172,5,4.6,Blue,Rubber,36,196
6,7,2,7,Boat Model 6,2254,20,4.5,Gold,Silicone,36,253
7,7,1,1,Boat Model 7,5194,20,4.8,Silver,Metal,36,133
8,4,1,2,Casio Model 8,10184,0,4.2,Silver,Rubber,36,139
9,12,2,8,Maxima Model 9,9617,15,3.9,Brown,Metal,36,216
10,11,3,15,Citizen Model 10,4770,20,4.6,Blue,Silicone,36,101
11,11,1,4,Citizen Model 11,22529,15,4.4,Brown,Leather,36,36
12,10,3,12,Ajanta Model 12,2814,0,4.1,Gold,Silicone,24,62
13,10,2,7,Ajanta Model 13,990,20,4.1,Brown,Nylon,36,258
14,12,3,13,Maxima Model 14,15055,0,3.9,Silver,Nylon,12,109
15,4,3,15,Casio Model 15,6481,10,4.5,Black,Nylon,24,219
16,8,1,1,Noise Model 16,15824,20,4.3,Brown,Rubber,24,152
17,9,1,2,Fire-Boltt Model 17,833,5,4.5,Gold,Rubber,36,258
18,12,2,9,Maxima Model 18,10559,15,3.7,Gold,Leather,36,202
19,4,1,5,Casio Model 19,9042,5,3.9,Brown,Rubber,36,122
20,6,2,10,Fossil Model 20,10997,10,4.1,Blue,Metal,24,203
21,7,3,15,Boat Model 21,14802,0,4.4,Green,Rubber,36,45
22,4,1,3,Casio Model 22,1049,20,4.3,Blue,Silicone,12,167
23,9,1,3,Fire-Boltt Model 23,13994,0,4.0,Blue,Rubber,24,208
24,5,2,8,Timex Model 24,2459,10,5.0,Blue,Leather,36,298
25,12,2,9,Maxima Model 25,18026,5,4.6,Gold,Rubber,36,106
26,9,3,13,Fire-Boltt Model 26,23351,5,3.7,Gold,Rubber,36,57
27,3,1,5,Fastrack Model 27,18177,10,4.2,Brown,Leather,36,195
28,8,3,13,Noise Model 28,7745,0,4.7,Silver,Nylon,12,132
29,9,3,12,Fire-Boltt Model 29,8503,25,3.6,Blue,Nylon,24,197
30,8,1,1,Noise Model 30,4222,5,3.7,Black,Leather,24,201
31,11,2,9,Citizen Model 31,9090,0,3.6,Silver,Nylon,12,208
32,6,2,10,Fossil Model 32,1109,10,4.4,Brown,Nylon,12,196
33,11,2,7,Citizen Model 33,22960,20,5.0,Gold,Silicone,24,230
34,12,2,7,Maxima Model 34,9015,5,4.1,Blue,Nylon,36,77
35,3,1,4,Fastrack Model 35,4847,0,3.9,Silver,Rubber,24,205
36,9,1,6,Fire-Boltt Model 36,22007,5,4.9,Green,Metal,24,262
37,7,2,11,Boat Model 37,10750,15,4.3,Silver,Metal,24,43
38,4,1,5,Casio Model 38,22135,20,4.8,Silver,Nylon,12,38
39,6,3,15,Fossil Model 39,21368,0,4.5,Green,Nylon,24,72
40,11,2,7,Citizen Model 40,15014,25,4.4,Brown,Leather,12,295
41,4,3,14,Casio Model 41,5431,5,3.7,Black,Silicone,12,203
42,8,2,9,Noise Model 42,21216,20,3.9,Black,Metal,36,287
43,12,2,9,Maxima Model 43,2223,10,5.0,Blue,Leather,12,167
44,1,2,11,Titan Model 44,15046,5,4.2,Green,Rubber,24,35
45,3,2,10,Fastrack Model 45,17183,0,4.9,Brown,Metal,24,276
46,1,1,2,Titan Model 46,18700,20,4.3,Brown,Rubber,36,5
47,4,3,13,Casio Model 47,20105,25,4.5,Gold,Metal,12,70
48,8,1,4,Noise Model 48,15969,15,4.7,Blue,Silicone,12,80
49,12,1,5,Maxima Model 49,3490,25,4.2,Silver,Metal,36,242
50,11,1,4,Citizen Model 50,14764,5,3.8,Black,Nylon,36,191
51,1,1,1,Titan Model 51,6113,10,3.8,Brown,Leather,24,219
52,4,1,6,Casio Model 52,10921,10,4.5,Green,Silicone,12,95
53,10,1,2,Ajanta Model 53,23763,10,4.8,Blue,Metal,12,205
54,4,1,2,Casio Model 54,15208,25,4.4,Black,Rubber,12,123
55,11,2,7,Citizen Model 55,12109,10,4.1,Green,Rubber,24,163
56,1,2,8,Titan Model 56,5952,20,3.5,Green,Leather,12,273
57,6,1,5,Fossil Model 57,22945,20,4.7,Black,Leather,12,47
58,10,1,3,Ajanta Model 58,17378,10,4.3,Silver,Nylon,24,251
59,8,1,3,Noise Model 59,19539,0,3.7,Brown,Leather,24,5
60,12,3,15,Maxima Model 60,5326,20,4.0,Black,Nylon,12,236
61,6,3,15,Fossil Model 61,17911,10,4.6,Brown,Metal,36,182
62,2,3,13,Sonata Model 62,9508,15,4.4,Blue,Silicone,12,73
63,9,1,2,Fire-Boltt Model 63,15235,0,4.2,Brown,Rubber,24,232
64,12,3,13,Maxima Model 64,18501,10,4.3,Green,Metal,36,192
65,7,2,10,Boat Model 65,5515,20,4.4,Silver,Metal,36,178
66,10,2,8,Ajanta Model 66,21017,10,4.1,Gold,Nylon,24,23
67,3,2,9,Fastrack Model 67,8771,10,4.6,Gold,Silicone,36,37
68,5,1,5,Timex Model 68,9005,20,4.6,Brown,Leather,12,93
69,4,1,1,Casio Model 69,20425,20,3.8,Green,Rubber,12,95
70,6,2,8,Fossil Model 70,4847,15,3.9,Green,Metal,36,200
71,1,3,13,Titan Model 71,15256,5,4.9,Black,Leather,12,246
72,11,2,9,Citizen Model 72,5089,25,4.8,Green,Rubber,12,115
73,4,2,9,Casio Model 73,7937,25,3.6,Brown,Nylon,12,292
74,9,2,11,Fire-Boltt Model 74,16241,15,4.7,Silver,Silicone,12,16
75,6,1,3,Fossil Model 75,8819,0,4.8,Black,Silicone,12,126
76,5,2,10,Timex Model 76,15602,10,3.5,Brown,Rubber,12,172
77,1,1,4,Titan Model 77,15341,15,4.3,Black,Leather,12,247
78,8,3,14,Noise Model 78,3820,5,4.3,Silver,Silicone,12,166
79,4,2,7,Casio Model 79,13934,5,4.5,Silver,Leather,36,119
80,12,2,9,Maxima Model 80,24363,0,3.9,Green,Rubber,24,87
81,12,3,15,Maxima Model 81,22804,25,3.9,Brown,Leather,24,216
82,5,1,5,Timex Model 82,13446,5,4.8,Gold,Rubber,12,161
83,9,3,13,Fire-Boltt Model 83,2593,20,4.7,Green,Rubber,36,81
84,11,1,1,Citizen Model 84,21461,0,4.7,Blue,Leather,24,277
85,9,1,5,Fire-Boltt Model 85,18480,5,4.3,Silver,Nylon,24,229
86,3,1,6,Fastrack Model 86,4424,10,3.8,Blue,Rubber,36,228
87,7,2,10,Boat Model 87,13499,0,4.9,Green,Metal,24,13
88,3,1,6,Fastrack Model 88,19147,25,4.4,Gold,Rubber,12,231
89,11,1,1,Citizen Model 89,17819,5,4.4,Green,Nylon,12,29
90,2,2,7,Sonata Model 90,6737,5,4.6,Brown,Metal,36,27
91,5,2,9,Timex Model 91,8701,0,4.3,Gold,Leather,12,225
92,10,2,7,Ajanta Model 92,8211,0,3.7,Brown,Metal,12,16
93,4,2,7,Casio Model 93,4104,10,3.8,Gold,Leather,24,170
94,7,1,4,Boat Model 94,20715,5,4.3,Black,Rubber,36,77
95,9,1,1,Fire-Boltt Model 95,21117,10,4.9,Gold,Rubber,36,215
96,5,3,15,Timex Model 96,17478,25,5.0,Black,Leather,24,295
97,11,3,13,Citizen Model 97,11817,0,3.6,Silver,Leather,12,118
98,12,3,14,Maxima Model 98,7443,15,4.7,Brown,Silicone,36,37
99,5,1,4,Timex Model 99,2502,0,3.8,Green,Metal,12,159
100,10,1,5,Ajanta Model 100,1179,0,4.1,Blue,Metal,12,18
101,8,1,4,Noise Model 101,23503,15,3.9,Black,Metal,12,42
102,10,2,8,Ajanta Model 102,18650,20,4.1,Silver,Metal,24,200
103,11,1,4,Citizen Model 103,17021,15,3.8,Green,Silicone,36,261
104,11,2,9,Citizen Model 104,6422,5,4.1,Silver,Metal,12,10
105,1,2,9,Titan Model 105,4937,5,3.7,Brown,Leather,24,132
106,4,2,8,Casio Model 106,1560,10,3.8,Black,Leather,12,125
107,5,1,3,Timex Model 107,7561,25,4.8,Blue,Silicone,24,129
108,1,1,6,Titan Model 108,6638,20,4.3,Black,Metal,24,127
109,1,2,11,Titan Model 109,19260,5,4.5,Silver,Metal,36,195
110,3,2,8,Fastrack Model 110,23869,20,4.2,Black,Leather,36,76
111,7,1,3,Boat Model 111,11240,15,4.6,Brown,Leather,36,269
112,12,2,7,Maxima Model 112,7790,25,4.2,Brown,Silicone,12,39
113,9,2,7,Fire-Boltt Model 113,14224,25,4.6,Black,Silicone,24,217
114,8,2,11,Noise Model 114,24612,15,4.6,Black,Nylon,36,223
115,1,1,6,Titan Model 115,9476,5,4.3,Blue,Rubber,36,259
116,4,2,11,Casio Model 116,10869,10,4.5,Blue,Metal,12,113
117,2,3,12,Sonata Model 117,6385,5,4.9,Black,Metal,36,217
118,12,1,5,Maxima Model 118,3643,5,5.0,Green,Leather,24,188
119,6,3,14,Fossil Model 119,6840,25,4.4,Blue,Rubber,24,35
120,12,3,14,Maxima Model 120,4874,20,3.6,Silver,Nylon,24,104
121,9,3,14,Fire-Boltt Model 121,9653,20,4.5,Black,Nylon,24,255
122,8,3,15,Noise Model 122,15007,10,4.5,Black,Nylon,24,217
123,6,1,1,Fossil Model 123,19147,5,4.7,Green,Nylon,12,67
124,6,1,2,Fossil Model 124,6689,5,3.7,Black,Silicone,12,226
125,3,3,12,Fastrack Model 125,8639,20,3.7,Brown,Leather,12,45
126,2,2,10,Sonata Model 126,4491,0,3.7,Green,Rubber,12,230
127,4,3,13,Casio Model 127,4451,0,3.6,Gold,Metal,36,26
128,11,2,7,Citizen Model 128,16126,10,4.6,Silver,Rubber,36,160
129,4,2,9,Casio Model 129,14510,5,4.0,Brown,Metal,36,228
130,10,2,11,Ajanta Model 130,10974,25,4.8,Brown,Rubber,12,202
131,12,2,11,Maxima Model 131,1814,25,4.4,Green,Metal,24,272
132,2,3,12,Sonata Model 132,21394,0,5.0,Blue,Metal,24,205
133,11,1,1,Citizen Model 133,8332,0,3.7,Green,Silicone,12,88
134,11,2,7,Citizen Model 134,5019,15,4.1,Green,Silicone,12,6
135,9,2,8,Fire-Boltt Model 135,5596,20,4.2,Brown,Leather,36,68
136,8,1,5,Noise Model 136,2017,10,4.5,Black,Leather,36,91
137,9,3,12,Fire-Boltt Model 137,21499,10,4.7,Blue,Silicone,12,250
138,9,1,3,Fire-Boltt Model 138,14471,0,4.1,Green,Nylon,24,85
139,10,3,13,Ajanta Model 139,6995,5,3.9,Silver,Leather,36,43
140,4,2,11,Casio Model 140,11715,10,3.8,Silver,Rubber,24,63
141,12,2,11,Maxima Model 141,1103,20,4.3,Silver,Nylon,12,214
142,12,3,13,Maxima Model 142,20595,10,4.9,Gold,Leather,24,38
143,6,3,13,Fossil Model 143,21435,5,4.6,Brown,Leather,24,240
144,1,3,13,Titan Model 144,5409,25,4.9,Brown,Leather,36,270
145,4,3,12,Casio Model 145,18012,0,4.3,Green,Silicone,12,69
146,3,3,15,Fastrack Model 146,17925,0,4.7,Green,Rubber,24,135
147,8,1,5,Noise Model 147,15654,10,4.8,Gold,Silicone,36,215
148,11,2,11,Citizen Model 148,5654,25,3.9,Green,Rubber,12,26
149,7,1,2,Boat Model 149,21819,10,5.0,Black,Metal,24,23
150,2,2,10,Sonata Model 150,11621,25,3.9,Green,Rubber,24,157
151,6,1,5,Fossil Model 151,6826,0,3.6,Blue,Silicone,12,169
152,9,1,5,Fire-Boltt Model 152,22226,10,4.7,Silver,Nylon,36,198
153,8,3,15,Noise Model 153,17325,20,3.6,Brown,Metal,24,18
154,6,3,14,Fossil Model 154,19699,15,4.8,Green,Leather,36,100
155,6,1,2,Fossil Model 155,19222,15,4.6,Silver,Leather,36,169
156,5,2,8,Timex Model 156,23844,0,4.1,Silver,Metal,24,32
157,10,1,4,Ajanta Model 157,7173,5,4.0,Silver,Nylon,24,253
158,6,1,3,Fossil Model 158,12535,5,4.8,Black,Rubber,12,92
159,7,1,4,Boat Model 159,16015,15,4.9,Black,Rubber,12,12
160,9,2,9,Fire-Boltt Model 160,20977,15,3.9,Blue,Metal,36,287
161,3,2,9,Fastrack Model 161,14686,15,3.8,Silver,Nylon,12,32
162,3,2,11,Fastrack Model 162,16003,5,4.1,Silver,Rubber,12,160
163,10,1,2,Ajanta Model 163,13185,10,4.6,Gold,Leather,24,149
164,10,3,14,Ajanta Model 164,2298,15,3.8,Brown,Silicone,12,285
165,3,1,3,Fastrack Model 165,20588,15,4.3,Silver,Rubber,12,147
166,1,2,7,Titan Model 166,12934,25,3.5,Gold,Metal,12,250
167,3,3,12,Fastrack Model 167,23495,0,4.4,Silver,Rubber,12,135
168,11,1,4,Citizen Model 168,6840,25,3.8,Black,Nylon,36,168
169,8,3,14,Noise Model 169,13205,20,4.0,Gold,Nylon,12,167
170,4,1,6,Casio Model 170,20981,0,4.4,Gold,Metal,12,70
171,12,1,6,Maxima Model 171,12685,10,4.7,Brown,Metal,24,264
172,4,2,9,Casio Model 172,1539,20,3.7,Brown,Silicone,36,86
173,2,1,5,Sonata Model 173,15406,5,3.5,Gold,Metal,12,47
174,1,3,13,Titan Model 174,13937,15,5.0,Gold,Nylon,24,209
175,1,2,10,Titan Model 175,10961,20,4.2,Blue,Metal,12,146
176,4,2,7,Casio Model 176,9966,25,3.6,Blue,Nylon,24,183
177,2,2,11,Sonata Model 177,19674,20,4.0,Black,Leather,12,117
178,11,3,12,Citizen Model 178,16698,15,3.8,Gold,Silicone,24,64
179,5,2,8,Timex Model 179,7947,10,4.3,Brown,Rubber,12,150
180,12,3,15,Maxima Model 180,14384,20,4.3,Brown,Silicone,36,223
181,8,2,10,Noise Model 181,18696,10,4.7,Gold,Rubber,36,218
182,4,1,1,Casio Model 182,5710,5,3.8,Gold,Metal,36,185
183,3,2,10,Fastrack Model 183,17241,10,3.7,Silver,Leather,12,73
184,7,3,13,Boat Model 184,19956,10,4.3,Black,Metal,36,264
185,10,1,2,Ajanta Model 185,10504,15,4.6,Green,Silicone,12,28
186,3,2,8,Fastrack Model 186,12833,25,3.8,Brown,Metal,24,160
187,9,3,12,Fire-Boltt Model 187,14400,25,4.5,Gold,Nylon,24,123
188,2,1,3,Sonata Model 188,24070,0,4.7,Silver,Metal,12,271
189,1,2,10,Titan Model 189,13860,10,3.8,Gold,Metal,24,231
190,3,2,7,Fastrack Model 190,20117,10,5.0,Silver,Rubber,12,93
191,4,3,13,Casio Model 191,21963,15,3.8,Green,Leather,36,115
192,11,2,10,Citizen Model 192,1959,20,4.7,Silver,Metal,24,154
193,3,1,3,Fastrack Model 193,12106,0,4.7,Blue,Nylon,36,13
194,11,1,3,Citizen Model 194,22792,15,3.8,Brown,Leather,12,230
195,4,1,6,Casio Model 195,11806,0,3.7,Green,Rubber,24,286
196,4,3,14,Casio Model 196,10872,25,4.7,Black,Nylon,36,76
197,2,2,10,Sonata Model 197,14443,5,4.3,Gold,Silicone,12,202
198,8,3,14,Noise Model 198,8371,20,3.6,Brown,Metal,36,241
199,5,2,8,Timex Model 199,10388,15,3.9,Green,Leather,12,158
200,2,2,11,Sonata Model 200,21443,25,4.9,Black,Metal,24,297
201,2,2,8,Sonata Model 201,19252,5,3.8,Brown,Leather,24,277
202,5,1,1,Timex Model 202,22527,0,5.0,Gold,Nylon,12,35
203,7,3,12,Boat Model 203,21235,15,4.4,Black,Metal,24,270
204,10,1,6,Ajanta Model 204,23367,0,4.9,Gold,Metal,24,107
205,8,1,4,Noise Model 205,18195,25,4.1,Silver,Silicone,12,195
206,6,3,12,Fossil Model 206,14940,25,4.9,Silver,Leather,24,24
207,1,2,10,Titan Model 207,20558,25,4.3,Silver,Rubber,12,176
208,2,1,4,Sonata Model 208,3637,25,4.7,Brown,Leather,12,60
209,3,3,12,Fastrack Model 209,10429,25,3.6,Silver,Nylon,12,292
210,10,2,8,Ajanta Model 210,19643,15,4.7,Green,Leather,36,103
211,8,2,10,Noise Model 211,2716,15,4.9,Silver,Leather,12,69
212,9,3,15,Fire-Boltt Model 212,11635,25,4.7,Gold,Metal,36,263
213,6,2,7,Fossil Model 213,4025,10,3.8,Brown,Leather,12,155
214,11,3,14,Citizen Model 214,5236,10,4.8,Silver,Leather,36,101
215,3,3,13,Fastrack Model 215,15317,20,3.7,Blue,Rubber,12,296
216,1,1,5,Titan Model 216,14141,25,4.3,Blue,Metal,12,267
217,9,3,14,Fire-Boltt Model 217,16480,5,3.9,Gold,Leather,24,100
218,2,1,3,Sonata Model 218,14890,0,4.0,Blue,Metal,12,58
219,10,2,11,Ajanta Model 219,12620,10,4.5,Black,Rubber,24,145
220,5,2,11,Timex Model 220,23568,25,3.9,Green,Rubber,12,199
221,11,1,2,Citizen Model 221,4038,5,4.6,Black,Nylon,12,74
222,12,3,14,Maxima Model 222,2078,20,4.7,Gold,Nylon,24,152
223,8,1,2,Noise Model 223,13196,0,3.7,Green,Rubber,12,222
224,9,2,8,Fire-Boltt Model 224,14969,20,4.1,Green,Silicone,36,80
225,7,1,1,Boat Model 225,17587,10,4.7,Blue,Metal,24,46
226,6,3,15,Fossil Model 226,20502,25,4.7,Brown,Leather,12,189
227,7,1,6,Boat Model 227,21773,10,4.7,Brown,Silicone,12,171
228,6,3,15,Fossil Model 228,19282,5,4.0,Silver,Nylon,12,136
229,5,1,1,Timex Model 229,16699,20,4.8,Black,Metal,12,76
230,7,3,12,Boat Model 230,19780,25,4.1,Blue,Leather,24,90
231,9,2,7,Fire-Boltt Model 231,23007,10,4.1,Black,Leather,36,120
232,5,3,15,Timex Model 232,16293,25,4.3,Silver,Metal,12,290
233,3,3,14,Fastrack Model 233,3793,10,4.4,Gold,Metal,24,67
234,10,2,7,Ajanta Model 234,14866,10,3.8,Brown,Rubber,36,82
235,2,1,1,Sonata Model 235,3637,15,4.6,Black,Rubber,12,298
236,10,2,9,Ajanta Model 236,13861,20,4.4,Gold,Leather,24,131
237,12,1,4,Maxima Model 237,18094,20,4.7,Black,Silicone,12,66
238,10,3,15,Ajanta Model 238,3491,25,4.9,Green,Nylon,24,244
239,7,3,13,Boat Model 239,6465,5,4.3,Black,Nylon,24,162
240,1,2,10,Titan Model 240,7484,20,4.0,Black,Nylon,36,14
241,11,2,8,Citizen Model 241,9697,10,4.1,Brown,Leather,12,265
242,11,3,15,Citizen Model 242,5525,10,4.9,Black,Metal,24,5
243,8,1,3,Noise Model 243,15402,10,4.9,Gold,Leather,36,137
244,9,3,12,Fire-Boltt Model 244,7590,5,3.7,Black,Nylon,24,227
245,10,1,3,Ajanta Model 245,7272,15,3.9,Silver,Metal,12,218
246,2,3,12,Sonata Model 246,12740,0,3.9,Brown,Metal,36,66
247,6,1,3,Fossil Model 247,5029,10,3.8,Blue,Leather,12,213
248,5,2,11,Timex Model 248,23624,20,4.4,Green,Rubber,12,119
249,9,2,9,Fire-Boltt Model 249,980,25,3.7,Silver,Leather,36,229
250,2,1,2,Sonata Model 250,15293,15,3.6,Gold,Metal,36,292
251,3,2,8,Fastrack Model 251,18234,25,3.6,Brown,Metal,36,66
252,6,3,15,Fossil Model 252,6283,5,4.0,Blue,Nylon,12,214
253,2,2,11,Sonata Model 253,22843,15,4.3,Gold,Metal,24,103
254,11,2,11,Citizen Model 254,8134,5,4.4,Black,Silicone,36,46
255,4,2,10,Casio Model 255,1328,15,4.4,Black,Silicone,36,168
256,7,2,8,Boat Model 256,3148,5,3.6,Silver,Silicone,36,16
257,2,3,15,Sonata Model 257,19409,5,4.9,Black,Metal,36,161
258,1,1,4,Titan Model 258,4941,20,4.2,Black,Nylon,36,17
259,8,2,7,Noise Model 259,4915,15,4.6,Blue,Metal,12,89
260,1,2,11,Titan Model 260,12297,15,3.7,Blue,Leather,36,254
261,5,2,10,Timex Model 261,13550,0,4.7,Gold,Silicone,36,202
262,11,3,12,Citizen Model 262,2229,20,4.3,Brown,Rubber,36,123
263,1,2,11,Titan Model 263,7184,20,3.5,Black,Silicone,36,150
264,7,3,12,Boat Model 264,21784,25,5.0,Gold,Leather,36,72
265,5,2,11,Timex Model 265,13236,10,4.0,Gold,Rubber,12,286
266,3,2,9,Fastrack Model 266,2316,15,3.9,Black,Silicone,24,79
267,4,2,8,Casio Model 267,22180,15,3.7,Brown,Leather,36,201
268,3,2,8,Fastrack Model 268,19057,25,4.5,Black,Silicone,36,118
269,12,1,3,Maxima Model 269,23603,0,3.7,Green,Silicone,12,32
270,3,1,4,Fastrack Model 270,9803,10,4.3,Black,Silicone,24,35
271,9,1,2,Fire-Boltt Model 271,1684,15,4.5,Brown,Nylon,36,182
272,6,3,15,Fossil Model 272,3689,20,4.2,Black,Silicone,36,246
273,1,1,1,Titan Model 273,947,10,3.5,Green,Metal,12,190
274,10,2,7,Ajanta Model 274,12944,10,4.1,Black,Metal,36,299
275,7,1,3,Boat Model 275,11683,10,3.9,Black,Metal,12,256
276,11,3,13,Citizen Model 276,8146,5,3.5,Green,Nylon,36,216
277,8,3,12,Noise Model 277,13468,20,3.6,Black,Rubber,24,25
278,4,2,7,Casio Model 278,23913,25,3.7,Gold,Rubber,36,263
279,11,1,2,Citizen Model 279,9564,15,3.7,Brown,Metal,24,64
280,11,2,7,Citizen Model 280,17271,0,3.5,Brown,Leather,36,146
281,9,2,9,Fire-Boltt Model 281,8857,10,3.7,Gold,Silicone,24,278
282,9,2,8,Fire-Boltt Model 282,7334,20,4.1,Black,Leather,36,33
283,5,1,5,Timex Model 283,22571,15,4.3,Gold,Leather,12,158
284,7,2,7,Boat Model 284,4751,25,4.1,Silver,Silicone,24,150
285,5,2,11,Timex Model 285,8305,5,4.5,Black,Rubber,36,220
286,4,1,4,Casio Model 286,1397,25,4.5,Blue,Silicone,36,75
287,3,2,10,Fastrack Model 287,3136,15,4.3,Blue,Nylon,36,40
288,9,1,2,Fire-Boltt Model 288,23944,10,3.7,Black,Rubber,12,76
289,11,3,14,Citizen Model 289,6921,0,3.8,Silver,Nylon,12,121
290,1,2,10,Titan Model 290,23700,15,3.9,Gold,Silicone,24,264
291,9,1,1,Fire-Boltt Model 291,21800,15,3.8,Silver,Metal,24,20
292,9,3,15,Fire-Boltt Model 292,6630,15,4.4,Gold,Rubber,12,147
293,11,1,6,Citizen Model 293,3836,15,4.3,Blue,Leather,36,195
294,9,1,3,Fire-Boltt Model 294,22910,0,3.7,Blue,Silicone,12,158
295,10,1,6,Ajanta Model 295,1111,20,4.8,Brown,Nylon,36,300
296,4,2,11,Casio Model 296,15463,15,4.9,Brown,Rubber,12,279
297,5,3,14,Timex Model 297,15139,5,4.5,Silver,Rubber,12,139
298,5,1,4,Timex Model 298,3935,25,3.6,Gold,Silicone,12,99
299,10,2,10,Ajanta Model 299,2384,10,4.8,Green,Rubber,12,23
300,10,3,13,Ajanta Model 300,15240,5,4.9,Gold,Silicone,12,288
301,5,2,8,Timex Model 301,1625,25,4.7,Blue,Nylon,24,125
302,11,1,5,Citizen Model 302,20978,0,4.9,Gold,Leather,36,72
303,2,1,1,Sonata Model 303,21085,20,4.6,Black,Nylon,36,152
304,11,1,5,Citizen Model 304,11642,5,4.9,Black,Metal,36,184
305,2,1,4,Sonata Model 305,8667,20,3.8,Green,Rubber,24,67
306,3,1,6,Fastrack Model 306,14812,5,5.0,Silver,Nylon,36,212
307,5,1,6,Timex Model 307,927,20,4.0,Brown,Nylon,24,131
308,5,3,13,Timex Model 308,5705,15,4.2,Black,Metal,12,75
309,9,1,1,Fire-Boltt Model 309,20992,5,4.2,Green,Metal,12,84
310,3,3,12,Fastrack Model 310,21294,25,4.7,Gold,Leather,36,45
311,5,1,2,Timex Model 311,23233,0,4.4,Green,Metal,24,118
312,6,1,3,Fossil Model 312,20656,20,3.7,Gold,Silicone,24,251
313,6,1,4,Fossil Model 313,2000,0,3.9,Black,Rubber,12,113
314,12,1,5,Maxima Model 314,15223,10,3.8,Blue,Rubber,36,279
315,9,2,7,Fire-Boltt Model 315,16329,0,4.8,Green,Metal,36,234
316,10,3,14,Ajanta Model 316,24797,5,3.9,Silver,Leather,36,281
317,10,3,13,Ajanta Model 317,19834,10,3.9,Brown,Leather,12,181
318,8,3,14,Noise Model 318,22158,5,3.5,Silver,Leather,36,125
319,6,2,10,Fossil Model 319,7386,10,4.8,Green,Nylon,36,176
320,4,1,5,Casio Model 320,2252,15,3.8,Black,Metal,12,38
321,7,3,13,Boat Model 321,4662,20,4.9,Gold,Rubber,24,298
322,3,3,15,Fastrack Model 322,2229,0,4.2,Silver,Metal,36,171
323,10,1,3,Ajanta Model 323,8838,15,3.5,Blue,Leather,24,103
324,5,3,13,Timex Model 324,6772,0,3.7,Blue,Metal,36,83
325,7,1,3,Boat Model 325,11910,10,4.6,Brown,Leather,12,246
326,5,3,13,Timex Model 326,20770,25,4.2,Blue,Leather,24,146
327,5,1,6,Timex Model 327,19998,10,3.7,Blue,Nylon,12,281
328,1,2,8,Titan Model 328,2498,25,4.7,Silver,Metal,36,85
329,11,2,9,Citizen Model 329,16049,15,4.2,Green,Rubber,24,106
330,12,2,9,Maxima Model 330,3915,5,3.8,Blue,Silicone,36,193
331,6,1,3,Fossil Model 331,15243,20,3.9,Black,Metal,36,35
332,7,3,15,Boat Model 332,16085,15,4.1,Green,Metal,36,241
333,3,3,12,Fastrack Model 333,17811,0,4.5,Black,Rubber,24,274
334,7,1,1,Boat Model 334,15467,25,3.9,Brown,Rubber,24,10
335,8,1,5,Noise Model 335,7369,20,4.2,Brown,Silicone,36,190
336,6,1,1,Fossil Model 336,10795,10,4.4,Silver,Nylon,12,282
337,1,2,11,Titan Model 337,22784,20,4.9,Green,Silicone,24,227
338,1,3,13,Titan Model 338,17125,20,4.6,Blue,Nylon,24,200
339,12,1,3,Maxima Model 339,23364,15,4.5,Blue,Nylon,12,64
340,5,1,3,Timex Model 340,15810,20,3.8,Brown,Rubber,12,93
341,7,3,12,Boat Model 341,13322,15,4.7,Green,Rubber,24,78
342,6,2,7,Fossil Model 342,14840,5,3.6,Black,Rubber,36,129
343,4,1,6,Casio Model 343,8332,10,4.9,Gold,Silicone,12,39
344,12,2,8,Maxima Model 344,5337,20,3.8,Blue,Silicone,36,223
345,2,2,8,Sonata Model 345,4711,15,3.8,Silver,Nylon,12,111
346,5,3,12,Timex Model 346,18354,0,4.9,Silver,Rubber,12,61
347,12,2,10,Maxima Model 347,2075,0,3.7,Silver,Rubber,12,283
348,6,3,15,Fossil Model 348,12875,20,4.5,Black,Metal,24,271
349,6,3,12,Fossil Model 349,18459,0,4.1,Brown,Rubber,24,251
350,2,2,9,Sonata Model 350,22282,25,5.0,Silver,Leather,12,74
351,7,3,15,Boat Model 351,9118,10,4.3,Blue,Metal,36,252
352,5,3,14,Timex Model 352,12901,25,4.8,Gold,Silicone,12,241
353,9,3,13,Fire-Boltt Model 353,16828,0,4.8,Green,Nylon,12,247
354,8,2,11,Noise Model 354,11729,20,3.8,Gold,Rubber,12,48
355,8,1,1,Noise Model 355,18912,25,4.1,Green,Rubber,24,183
356,4,2,10,Casio Model 356,10014,0,4.7,Green,Silicone,12,205
357,12,3,13,Maxima Model 357,18866,25,4.1,Gold,Nylon,24,257
358,9,3,14,Fire-Boltt Model 358,18062,10,4.7,Gold,Rubber,12,86
359,8,2,11,Noise Model 359,24745,25,4.3,Black,Rubber,36,212
360,5,3,13,Timex Model 360,16173,15,4.9,Black,Rubber,36,163
361,10,1,5,Ajanta Model 361,5891,5,4.1,Green,Rubber,24,162
362,1,1,3,Titan Model 362,3264,0,4.3,Black,Silicone,12,120
363,10,1,2,Ajanta Model 363,15336,0,3.5,Green,Silicone,12,48
364,6,2,9,Fossil Model 364,5037,0,4.5,Blue,Nylon,36,81
365,4,3,13,Casio Model 365,19250,15,4.1,Black,Metal,36,175
366,5,3,15,Timex Model 366,7438,10,4.9,Green,Silicone,24,292
367,9,3,14,Fire-Boltt Model 367,8715,25,4.2,Blue,Silicone,36,171
368,1,2,10,Titan Model 368,3041,15,3.8,Black,Metal,12,99
369,10,2,10,Ajanta Model 369,8336,5,4.2,Brown,Metal,36,38
370,7,1,2,Boat Model 370,18674,25,3.7,Black,Leather,12,31
371,11,2,8,Citizen Model 371,13260,25,4.3,Green,Rubber,12,63
372,10,1,5,Ajanta Model 372,24656,0,3.9,Brown,Silicone,24,260
373,1,1,4,Titan Model 373,6703,5,4.6,Black,Rubber,24,289
374,4,2,8,Casio Model 374,6398,20,4.9,Brown,Metal,12,179
375,9,3,15,Fire-Boltt Model 375,7103,0,4.7,Silver,Nylon,24,272
376,9,3,14,Fire-Boltt Model 376,18429,15,3.6,Silver,Rubber,24,219
377,6,2,10,Fossil Model 377,12123,5,4.9,Green,Rubber,36,260
378,2,1,2,Sonata Model 378,4880,5,4.1,Silver,Silicone,12,29
379,9,3,13,Fire-Boltt Model 379,16916,5,4.8,Blue,Metal,12,129
380,12,3,14,Maxima Model 380,18104,25,4.3,Gold,Nylon,36,259
381,10,2,7,Ajanta Model 381,3261,20,3.9,Silver,Leather,24,240
382,10,3,12,Ajanta Model 382,4981,10,4.6,Silver,Silicone,24,46
383,8,3,14,Noise Model 383,3049,20,4.6,Black,Rubber,36,31
384,2,3,12,Sonata Model 384,10284,10,4.7,Gold,Leather,12,97
385,3,3,13,Fastrack Model 385,24067,5,3.9,Brown,Leather,24,120
386,1,3,12,Titan Model 386,12673,20,4.4,Green,Leather,12,263
387,1,1,6,Titan Model 387,7076,20,4.6,Blue,Metal,24,77
388,6,1,1,Fossil Model 388,16842,10,3.8,Brown,Silicone,36,53
389,11,3,13,Citizen Model 389,20297,25,4.1,Silver,Rubber,36,45
390,3,3,15,Fastrack Model 390,16830,20,3.5,Gold,Rubber,24,158
391,11,3,15,Citizen Model 391,4744,20,4.4,Silver,Metal,12,124
392,11,1,5,Citizen Model 392,2461,25,3.9,Green,Rubber,12,67
393,2,2,8,Sonata Model 393,23677,5,4.5,Blue,Nylon,12,194
394,9,3,12,Fire-Boltt Model 394,5340,15,4.4,Brown,Leather,12,126
395,6,1,5,Fossil Model 395,8830,5,4.9,Brown,Metal,24,291
396,9,1,1,Fire-Boltt Model 396,23095,25,4.1,Gold,Silicone,24,65
397,7,2,8,Boat Model 397,938,10,4.7,Green,Metal,12,130
398,11,1,1,Citizen Model 398,7556,10,3.7,Silver,Silicone,36,278
399,2,2,8,Sonata Model 399,10324,25,4.7,Silver,Silicone,24,105
400,2,1,6,Sonata Model 400,2351,25,3.5,Green,Rubber,24,130
401,5,2,9,Timex Model 401,1283,15,4.6,Silver,Leather,36,146
402,6,2,11,Fossil Model 402,3711,20,4.1,Silver,Metal,24,261
403,1,2,7,Titan Model 403,24927,20,3.8,Brown,Rubber,36,295
404,11,1,5,Citizen Model 404,7856,25,4.4,Gold,Rubber,36,169
405,3,1,5,Fastrack Model 405,22886,25,4.7,Blue,Nylon,12,136
406,12,1,3,Maxima Model 406,24684,5,4.1,Gold,Leather,12,228
407,4,3,12,Casio Model 407,22475,10,4.5,Gold,Leather,12,60
408,1,1,2,Titan Model 408,16661,10,3.6,Blue,Nylon,36,51
409,12,3,13,Maxima Model 409,1437,0,4.4,Green,Silicone,24,7
410,12,1,6,Maxima Model 410,23360,20,4.4,Gold,Metal,24,52
411,5,2,11,Timex Model 411,17513,5,4.9,Black,Nylon,12,117
412,7,2,11,Boat Model 412,22986,5,4.5,Green,Leather,24,202
413,2,3,12,Sonata Model 413,7435,0,4.0,Black,Silicone,12,85
414,1,3,13,Titan Model 414,18823,15,4.2,Green,Metal,24,58
415,8,1,1,Noise Model 415,13174,20,4.9,Black,Metal,24,292
416,2,2,8,Sonata Model 416,1206,20,4.4,Black,Nylon,36,12
417,10,1,6,Ajanta Model 417,9382,15,4.9,Brown,Rubber,12,18
418,9,3,12,Fire-Boltt Model 418,15568,5,4.6,Brown,Nylon,12,293
419,2,1,4,Sonata Model 419,17846,25,4.3,Green,Nylon,24,28
420,9,3,12,Fire-Boltt Model 420,23612,0,4.3,Gold,Silicone,36,182
421,6,3,12,Fossil Model 421,19717,20,4.7,Silver,Rubber,12,47
422,8,2,7,Noise Model 422,15739,10,4.1,Blue,Leather,24,71
423,12,1,1,Maxima Model 423,2512,5,3.6,Black,Rubber,36,100
424,11,1,4,Citizen Model 424,16444,20,3.8,Gold,Metal,36,64
425,4,1,2,Casio Model 425,17662,0,4.2,Brown,Rubber,12,138
426,11,1,5,Citizen Model 426,15638,0,4.1,Gold,Rubber,12,29
427,5,3,15,Timex Model 427,8437,25,5.0,Black,Rubber,24,127
428,10,3,15,Ajanta Model 428,14950,25,4.7,Brown,Silicone,12,120
429,2,2,10,Sonata Model 429,17735,25,4.8,Black,Metal,36,288
430,6,3,13,Fossil Model 430,3925,25,4.9,Blue,Silicone,36,171
431,12,3,12,Maxima Model 431,24599,15,5.0,Blue,Leather,12,197
432,1,3,15,Titan Model 432,13935,25,3.6,Brown,Nylon,12,232
433,8,1,5,Noise Model 433,19428,5,4.9,Black,Leather,24,292
434,6,3,15,Fossil Model 434,16737,5,4.8,Blue,Silicone,36,245
435,1,3,13,Titan Model 435,5441,0,4.6,Green,Rubber,36,132
436,6,3,13,Fossil Model 436,2239,15,5.0,Blue,Rubber,12,52
437,9,1,4,Fire-Boltt Model 437,17917,0,4.6,Brown,Leather,24,72
438,6,2,7,Fossil Model 438,6174,0,3.6,Black,Rubber,12,97
439,9,2,10,Fire-Boltt Model 439,9171,0,4.6,Green,Rubber,12,263
440,6,2,9,Fossil Model 440,11118,25,4.2,Silver,Nylon,36,176
441,12,1,5,Maxima Model 441,18402,5,4.3,Gold,Metal,12,143
442,7,2,7,Boat Model 442,6622,20,4.0,Blue,Nylon,12,34
443,6,3,13,Fossil Model 443,20214,15,4.4,Black,Nylon,36,255
444,5,3,14,Timex Model 444,2272,10,4.0,Silver,Nylon,12,201
445,11,2,10,Citizen Model 445,15757,25,3.7,Blue,Rubber,12,194
446,1,2,10,Titan Model 446,20937,25,4.0,Brown,Silicone,36,228
447,9,1,3,Fire-Boltt Model 447,1021,25,3.9,Gold,Rubber,12,139
448,5,3,13,Timex Model 448,18833,20,4.2,Brown,Silicone,36,300
449,1,3,12,Titan Model 449,10639,5,3.7,Silver,Rubber,24,230
450,10,3,12,Ajanta Model 450,20942,10,3.9,Silver,Silicone,36,254
451,6,3,13,Fossil Model 451,2827,10,4.1,Blue,Leather,12,272
452,7,3,12,Boat Model 452,22829,0,3.5,Blue,Metal,36,201
453,6,1,1,Fossil Model 453,5995,10,4.4,Green,Leather,36,81
454,7,3,13,Boat Model 454,12541,15,3.5,Silver,Nylon,36,120
455,1,1,2,Titan Model 455,7229,15,4.8,Brown,Silicone,24,188
456,12,1,2,Maxima Model 456,11915,25,4.8,Green,Silicone,24,212
457,4,3,12,Casio Model 457,10125,5,3.5,Green,Silicone,12,202
458,2,3,12,Sonata Model 458,22610,20,4.8,Green,Silicone,24,286
459,3,3,14,Fastrack Model 459,8986,25,4.7,Blue,Leather,12,295
460,2,1,2,Sonata Model 460,22132,25,3.8,Brown,Metal,36,256
461,9,2,7,Fire-Boltt Model 461,15693,15,4.7,Silver,Rubber,36,204
462,12,3,13,Maxima Model 462,17055,0,3.7,Blue,Metal,36,184
463,4,3,13,Casio Model 463,24163,5,4.2,Brown,Nylon,12,142
464,2,3,13,Sonata Model 464,3854,0,3.8,Gold,Nylon,24,265
465,1,2,9,Titan Model 465,10726,0,4.6,Black,Rubber,12,17
466,4,2,10,Casio Model 466,15850,25,4.5,Blue,Nylon,12,81
467,9,1,4,Fire-Boltt Model 467,22651,15,3.8,Blue,Leather,36,237
468,6,1,6,Fossil Model 468,19970,15,4.5,Black,Silicone,12,219
469,6,1,3,Fossil Model 469,23274,25,4.5,Silver,Metal,12,44
470,12,2,7,Maxima Model 470,12265,20,4.4,Silver,Nylon,36,282
471,2,2,9,Sonata Model 471,15072,25,3.7,Green,Leather,24,160
472,4,2,11,Casio Model 472,22829,0,3.6,Blue,Leather,12,251
473,6,1,4,Fossil Model 473,829,20,4.0,Green,Metal,24,53
474,11,1,1,Citizen Model 474,23435,0,3.9,Brown,Nylon,12,102
475,5,3,12,Timex Model 475,2191,25,3.6,Black,Leather,36,62
476,1,2,7,Titan Model 476,3347,5,3.9,Brown,Leather,36,252
477,3,3,12,Fastrack Model 477,9572,25,3.9,Blue,Silicone,12,172
478,8,2,8,Noise Model 478,13393,10,4.2,Gold,Leather,12,27
479,5,2,9,Timex Model 479,2002,15,4.2,Black,Silicone,12,68
480,2,2,9,Sonata Model 480,18261,15,4.7,Brown,Rubber,12,265
481,7,3,13,Boat Model 481,7870,5,5.0,Green,Silicone,12,90
482,4,1,1,Casio Model 482,1192,5,3.6,Black,Metal,12,227
483,11,1,3,Citizen Model 483,17507,10,4.3,Green,Leather,12,255
484,6,2,7,Fossil Model 484,9860,25,4.4,Blue,Silicone,12,269
485,1,3,12,Titan Model 485,8476,5,4.6,Green,Leather,12,164
486,3,3,12,Fastrack Model 486,14233,5,4.2,Black,Leather,12,109
487,11,3,14,Citizen Model 487,8493,25,3.5,Black,Leather,12,267
488,12,1,5,Maxima Model 488,22728,25,3.6,Gold,Silicone,24,71
489,10,3,13,Ajanta Model 489,5674,25,4.7,Silver,Silicone,12,99
490,10,1,6,Ajanta Model 490,7253,20,4.8,Brown,Metal,36,69
491,1,1,1,Titan Model 491,8701,0,4.9,Brown,Nylon,12,234
492,5,1,4,Timex Model 492,16074,5,4.5,Silver,Leather,24,266
493,10,3,15,Ajanta Model 493,18876,20,4.6,Blue,Metal,12,167
494,6,3,13,Fossil Model 494,20481,25,4.8,Brown,Rubber,36,92
495,6,3,15,Fossil Model 495,14271,5,5.0,Gold,Metal,12,254
496,12,3,15,Maxima Model 496,15121,5,4.8,Brown,Metal,24,132
497,11,3,14,Citizen Model 497,14146,5,4.9,Silver,Rubber,36,295
498,8,2,10,Noise Model 498,19452,20,4.6,Blue,Silicone,24,36
499,3,1,1,Fastrack Model 499,4580,20,4.5,Brown,Leather,36,132
500,2,2,11,Sonata Model 500,14513,10,4.3,Blue,Nylon,12,51
501,5,2,8,Timex Model 501,24211,15,4.8,Green,Silicone,24,172
502,10,1,4,Ajanta Model 502,9184,0,4.7,Black,Leather,24,286
503,4,1,2,Casio Model 503,1326,5,4.0,Brown,Silicone,36,75
504,1,3,12,Titan Model 504,21818,15,3.6,Silver,Nylon,36,218
505,8,2,8,Noise Model 505,10951,5,4.5,Black,Rubber,24,94
506,4,2,8,Casio Model 506,19165,5,4.7,Blue,Nylon,12,6
507,6,3,13,Fossil Model 507,18791,5,4.8,Gold,Rubber,24,223
508,2,2,11,Sonata Model 508,8600,10,4.0,Black,Nylon,12,158
509,5,1,1,Timex Model 509,23139,25,4.1,Green,Silicone,12,169
510,2,2,10,Sonata Model 510,5892,0,3.6,Black,Silicone,24,24
511,12,3,13,Maxima Model 511,9657,20,3.7,Silver,Nylon,36,99
512,9,1,3,Fire-Boltt Model 512,11847,10,4.5,Blue,Silicone,24,300
513,12,2,8,Maxima Model 513,6485,25,4.9,Gold,Nylon,24,213
514,11,2,7,Citizen Model 514,21266,25,3.6,Silver,Metal,12,80
515,10,3,12,Ajanta Model 515,7531,10,3.6,Black,Nylon,24,105
516,3,2,10,Fastrack Model 516,21232,5,3.6,Green,Metal,12,123
517,7,1,6,Boat Model 517,12338,10,4.9,Brown,Metal,12,223
518,8,3,12,Noise Model 518,17629,20,4.3,Black,Leather,24,70
519,11,1,3,Citizen Model 519,11728,10,5.0,Black,Leather,36,162
520,5,1,1,Timex Model 520,1448,15,4.7,Green,Silicone,24,31
521,5,2,8,Timex Model 521,12724,15,4.8,Gold,Metal,36,12
522,10,1,1,Ajanta Model 522,24296,0,4.4,Green,Leather,12,117
523,9,1,6,Fire-Boltt Model 523,21755,5,3.6,Gold,Nylon,36,17
524,10,2,7,Ajanta Model 524,17079,25,5.0,Black,Leather,36,191
525,6,3,14,Fossil Model 525,18146,20,4.5,Brown,Nylon,24,76
526,7,1,6,Boat Model 526,6252,0,4.4,Brown,Leather,24,59
527,12,1,2,Maxima Model 527,1518,15,4.5,Gold,Leather,24,233
528,6,3,15,Fossil Model 528,15145,10,4.1,Gold,Nylon,12,159
529,9,1,1,Fire-Boltt Model 529,23621,25,4.6,Blue,Leather,12,48
530,3,2,9,Fastrack Model 530,12024,20,3.5,Gold,Rubber,36,253
531,10,3,14,Ajanta Model 531,18176,0,4.0,Black,Rubber,36,88
532,7,2,11,Boat Model 532,19135,0,3.6,Silver,Rubber,36,274
533,2,3,15,Sonata Model 533,6614,0,4.3,Green,Metal,36,257
534,9,3,13,Fire-Boltt Model 534,1128,5,3.9,Black,Leather,24,262
535,12,2,11,Maxima Model 535,18278,0,4.8,Black,Silicone,24,160
536,8,1,4,Noise Model 536,3136,5,3.7,Gold,Silicone,24,220
537,7,1,6,Boat Model 537,16816,10,4.3,Brown,Nylon,24,289
538,10,2,11,Ajanta Model 538,13729,10,4.6,Silver,Leather,36,290
539,5,2,7,Timex Model 539,16005,20,4.8,Silver,Silicone,12,27
540,8,3,12,Noise Model 540,13233,20,4.6,Green,Rubber,24,39
541,12,1,1,Maxima Model 541,12350,0,3.9,Gold,Metal,24,58
542,12,1,4,Maxima Model 542,24814,0,4.8,Black,Rubber,24,110
543,6,2,11,Fossil Model 543,2758,5,3.8,Gold,Silicone,12,260
544,10,2,9,Ajanta Model 544,19622,15,4.4,Green,Silicone,24,47
545,5,1,2,Timex Model 545,16132,15,3.7,Gold,Silicone,24,221
546,3,3,12,Fastrack Model 546,9469,20,4.6,Silver,Nylon,12,285
547,8,3,13,Noise Model 547,16359,0,4.3,Black,Leather,12,39
548,11,1,6,Citizen Model 548,19769,15,3.7,Green,Silicone,36,291
549,1,2,11,Titan Model 549,24246,5,3.6,Gold,Leather,12,208
550,3,2,11,Fastrack Model 550,19089,5,4.2,Brown,Leather,12,108
551,9,2,8,Fire-Boltt Model 551,17396,15,3.8,Blue,Silicone,24,67
552,7,1,2,Boat Model 552,15175,25,4.2,Black,Nylon,24,29
553,10,2,7,Ajanta Model 553,21421,25,4.8,Silver,Leather,12,295
554,5,2,9,Timex Model 554,15032,5,4.3,Silver,Silicone,36,163
555,5,2,9,Timex Model 555,24420,10,4.2,Blue,Leather,36,47
556,3,2,7,Fastrack Model 556,13096,20,4.4,Brown,Rubber,36,212
557,3,3,15,Fastrack Model 557,19753,5,4.4,Gold,Rubber,12,196
558,2,3,12,Sonata Model 558,1780,25,4.0,Blue,Rubber,12,237
559,10,1,1,Ajanta Model 559,11340,20,3.6,Gold,Silicone,24,265
560,6,1,6,Fossil Model 560,5574,15,3.5,Black,Silicone,24,147
561,5,3,14,Timex Model 561,9118,15,4.2,Black,Nylon,12,102
562,9,2,9,Fire-Boltt Model 562,23520,25,4.0,Blue,Rubber,24,297
563,12,1,5,Maxima Model 563,24221,0,4.0,Gold,Silicone,24,215
564,9,1,4,Fire-Boltt Model 564,7868,15,4.3,Blue,Leather,36,194
565,6,2,7,Fossil Model 565,17596,0,4.1,Black,Metal,24,187
566,1,1,6,Titan Model 566,23742,10,4.7,Blue,Nylon,36,183
567,10,3,14,Ajanta Model 567,22419,10,3.6,Green,Silicone,24,172
568,8,3,14,Noise Model 568,1389,20,4.1,Black,Nylon,24,256
569,10,1,3,Ajanta Model 569,17111,15,3.8,Blue,Metal,24,235
570,2,2,7,Sonata Model 570,12835,5,4.0,Silver,Metal,12,135
571,6,1,2,Fossil Model 571,22285,10,4.0,Gold,Leather,12,253
572,10,3,13,Ajanta Model 572,14965,20,3.9,Blue,Leather,24,34
573,8,1,2,Noise Model 573,2698,10,4.0,Green,Leather,36,264
574,4,3,14,Casio Model 574,15209,5,3.5,Green,Nylon,24,238
575,10,2,7,Ajanta Model 575,6435,10,4.4,Silver,Rubber,24,220
576,3,3,13,Fastrack Model 576,9505,5,4.5,Green,Metal,36,114
577,6,2,7,Fossil Model 577,18922,20,4.9,Silver,Metal,12,179
578,3,2,9,Fastrack Model 578,19434,0,4.8,Silver,Silicone,24,186
579,10,3,13,Ajanta Model 579,19140,0,4.5,Green,Rubber,12,73
580,4,3,14,Casio Model 580,8349,25,4.3,Brown,Metal,36,182
581,3,1,3,Fastrack Model 581,22324,5,3.5,Gold,Nylon,24,50
582,9,3,12,Fire-Boltt Model 582,3375,20,4.0,Gold,Metal,36,25
583,7,1,3,Boat Model 583,2599,10,4.0,Green,Metal,12,166
584,8,1,1,Noise Model 584,9744,10,4.7,Blue,Silicone,36,16
585,9,2,8,Fire-Boltt Model 585,19175,25,4.9,Brown,Silicone,36,209
586,11,1,5,Citizen Model 586,20131,15,4.8,Black,Leather,36,156
587,1,2,8,Titan Model 587,1912,15,3.8,Blue,Nylon,12,66
588,3,3,14,Fastrack Model 588,12162,0,3.9,Green,Rubber,24,37
589,10,1,5,Ajanta Model 589,17239,5,4.1,Gold,Silicone,12,154
590,4,1,1,Casio Model 590,10241,0,4.9,Brown,Leather,24,223
591,2,1,6,Sonata Model 591,10696,20,3.5,Blue,Leather,36,143
592,6,2,9,Fossil Model 592,15613,20,4.5,Green,Metal,24,88
593,10,1,4,Ajanta Model 593,17182,25,3.8,Black,Silicone,36,62
594,2,1,6,Sonata Model 594,15147,0,4.5,Gold,Leather,24,213
595,3,2,9,Fastrack Model 595,9234,0,4.7,Brown,Nylon,24,70
596,4,3,13,Casio Model 596,15036,20,4.5,Black,Silicone,24,179
597,9,2,9,Fire-Boltt Model 597,5845,10,3.8,Gold,Nylon,12,34
598,2,2,11,Sonata Model 598,12536,10,3.9,Silver,Rubber,12,55
599,3,1,3,Fastrack Model 599,7952,5,4.6,Green,Nylon,36,96
600,1,3,12,Titan Model 600,1511,20,4.7,Blue,Rubber,24,52
601,12,1,5,Maxima Model 601,10245,25,4.6,Silver,Leather,24,233
602,8,1,2,Noise Model 602,14943,10,3.5,Black,Leather,24,29
603,6,2,11,Fossil Model 603,13594,5,3.6,Green,Metal,36,215
604,7,3,13,Boat Model 604,3599,25,3.9,Black,Rubber,24,262
605,5,1,4,Timex Model 605,9230,5,4.9,Silver,Metal,12,73
606,8,2,9,Noise Model 606,4265,15,3.6,Brown,Metal,36,37
607,11,3,13,Citizen Model 607,5243,5,4.2,Brown,Rubber,12,294
608,1,3,15,Titan Model 608,6739,10,3.5,Blue,Rubber,24,13
609,6,1,2,Fossil Model 609,19251,5,4.0,Black,Leather,36,250
610,3,2,7,Fastrack Model 610,18302,0,4.2,Black,Nylon,24,101
611,4,2,7,Casio Model 611,22522,5,4.9,Silver,Rubber,12,201
612,2,3,12,Sonata Model 612,8102,0,3.6,Green,Nylon,24,41
613,2,1,4,Sonata Model 613,23670,0,4.2,Silver,Silicone,24,158
614,6,2,7,Fossil Model 614,6397,0,4.0,Gold,Rubber,24,57
615,3,1,1,Fastrack Model 615,19082,15,3.9,Green,Rubber,12,48
616,11,1,1,Citizen Model 616,4986,10,3.6,Silver,Silicone,24,221
617,12,3,12,Maxima Model 617,15141,5,3.9,Green,Nylon,24,266
618,3,2,10,Fastrack Model 618,12241,5,4.8,Green,Leather,36,111
619,3,3,13,Fastrack Model 619,12021,25,3.7,Brown,Nylon,36,208
620,12,3,14,Maxima Model 620,8157,20,4.9,Blue,Rubber,12,132
621,7,3,13,Boat Model 621,2747,15,3.6,Brown,Rubber,36,215
622,8,2,10,Noise Model 622,15401,10,4.8,Silver,Nylon,12,36
623,1,1,6,Titan Model 623,21442,20,4.7,Green,Leather,24,170
624,6,1,2,Fossil Model 624,13606,15,4.3,Blue,Rubber,24,54
625,2,2,9,Sonata Model 625,10871,25,4.6,Brown,Nylon,12,276
626,4,2,7,Casio Model 626,14320,15,4.8,Blue,Nylon,24,19
627,2,3,15,Sonata Model 627,832,0,4.3,Blue,Metal,36,171
628,6,1,5,Fossil Model 628,18426,0,4.9,Silver,Leather,36,267
629,10,3,13,Ajanta Model 629,17192,20,3.9,Green,Rubber,24,268
630,3,3,13,Fastrack Model 630,17999,15,3.9,Gold,Leather,12,50
631,3,1,1,Fastrack Model 631,5982,5,4.1,Gold,Rubber,36,15
632,3,1,1,Fastrack Model 632,16215,25,3.8,Black,Nylon,24,192
633,11,2,9,Citizen Model 633,17890,25,4.1,Green,Silicone,36,296
634,4,2,8,Casio Model 634,21298,10,4.3,Black,Rubber,36,172
635,1,1,1,Titan Model 635,5821,0,3.8,Blue,Silicone,36,194
636,7,3,12,Boat Model 636,22828,5,4.3,Gold,Rubber,36,88
637,5,3,12,Timex Model 637,24143,25,4.8,Gold,Silicone,24,239
638,5,1,6,Timex Model 638,18900,20,4.4,Green,Rubber,24,83
639,7,3,12,Boat Model 639,23065,10,4.8,Silver,Metal,12,88
640,11,3,13,Citizen Model 640,17002,20,4.6,Green,Silicone,36,38
641,2,3,14,Sonata Model 641,9750,25,4.1,Gold,Silicone,36,268
642,9,2,11,Fire-Boltt Model 642,5412,15,4.8,Brown,Silicone,24,67
643,5,2,8,Timex Model 643,3679,10,4.5,Blue,Rubber,12,249
644,12,2,9,Maxima Model 644,8731,20,3.6,Blue,Leather,36,204
645,1,2,11,Titan Model 645,9719,20,4.8,Gold,Nylon,12,266
646,6,1,1,Fossil Model 646,2705,0,4.0,Gold,Rubber,12,36
647,6,2,11,Fossil Model 647,11153,10,3.5,Black,Leather,36,276
648,2,3,13,Sonata Model 648,6466,20,4.2,Gold,Leather,12,116
649,3,2,9,Fastrack Model 649,12533,25,4.0,Brown,Nylon,36,218
650,11,3,12,Citizen Model 650,8564,0,4.0,Brown,Nylon,12,37
651,10,1,6,Ajanta Model 651,13226,25,4.6,Blue,Silicone,36,53
652,10,1,2,Ajanta Model 652,8504,20,4.8,Brown,Silicone,24,6
653,12,1,5,Maxima Model 653,18974,25,4.1,Blue,Rubber,12,294
654,8,2,10,Noise Model 654,11739,25,4.0,Silver,Leather,36,124
655,9,2,8,Fire-Boltt Model 655,7056,5,4.1,Gold,Leather,36,178
656,1,3,13,Titan Model 656,9550,25,4.7,Black,Metal,24,207
657,12,1,4,Maxima Model 657,5623,0,3.6,Silver,Nylon,12,12
658,6,3,14,Fossil Model 658,4488,0,4.3,Brown,Rubber,12,191
659,3,2,8,Fastrack Model 659,5520,20,4.6,Black,Silicone,24,95
660,5,3,12,Timex Model 660,2962,15,3.5,Brown,Silicone,24,89
661,5,3,13,Timex Model 661,23465,25,4.8,Blue,Metal,12,284
662,4,2,8,Casio Model 662,6965,25,4.1,Gold,Leather,36,255
663,8,1,2,Noise Model 663,15097,10,4.1,Gold,Silicone,24,214
664,11,2,10,Citizen Model 664,8037,5,4.0,Green,Rubber,24,267
665,4,2,8,Casio Model 665,5642,0,4.4,Gold,Rubber,36,97
666,8,2,10,Noise Model 666,7283,10,3.8,Blue,Leather,24,111
667,11,1,3,Citizen Model 667,21652,25,3.7,Blue,Silicone,36,154
668,3,3,13,Fastrack Model 668,2183,5,3.8,Gold,Metal,12,144
669,3,1,3,Fastrack Model 669,8303,25,4.2,Blue,Silicone,36,56
670,11,3,12,Citizen Model 670,14013,5,3.7,Green,Silicone,36,72
671,8,2,9,Noise Model 671,5423,5,4.3,Black,Rubber,24,89
672,6,2,8,Fossil Model 672,20168,0,4.5,Silver,Silicone,12,90
673,1,1,5,Titan Model 673,13721,0,3.5,Silver,Metal,24,185
674,2,1,4,Sonata Model 674,17881,25,3.5,Brown,Rubber,24,137
675,10,1,4,Ajanta Model 675,19868,25,4.2,Brown,Metal,36,89
676,8,3,14,Noise Model 676,6368,25,4.7,Blue,Metal,12,227
677,1,1,3,Titan Model 677,5306,10,3.9,Brown,Nylon,24,241
678,5,1,1,Timex Model 678,17576,15,4.2,Blue,Rubber,12,86
679,4,3,13,Casio Model 679,17669,10,4.1,Brown,Nylon,12,167
680,6,2,7,Fossil Model 680,6325,20,4.7,Gold,Rubber,36,54
681,1,1,6,Titan Model 681,12048,0,3.5,Gold,Nylon,12,189
682,2,1,3,Sonata Model 682,22532,0,4.5,Black,Metal,36,57
683,9,2,10,Fire-Boltt Model 683,2544,0,4.1,Black,Metal,12,200
684,11,1,2,Citizen Model 684,12561,20,4.7,Black,Rubber,12,260
685,2,2,10,Sonata Model 685,24513,0,3.9,Gold,Leather,12,185
686,1,1,1,Titan Model 686,15191,20,4.0,Green,Nylon,24,275
687,3,3,12,Fastrack Model 687,12643,0,4.4,Silver,Metal,24,225
688,9,2,11,Fire-Boltt Model 688,24914,20,3.7,Gold,Nylon,12,240
689,6,3,14,Fossil Model 689,876,20,4.4,Silver,Silicone,36,287
690,9,3,14,Fire-Boltt Model 690,18490,5,4.8,Black,Leather,12,273
691,12,2,8,Maxima Model 691,17600,25,4.1,Green,Silicone,36,194
692,4,2,11,Casio Model 692,3219,25,3.6,Blue,Silicone,36,170
693,6,1,1,Fossil Model 693,23740,15,3.9,Blue,Nylon,24,193
694,12,2,9,Maxima Model 694,17620,0,3.5,Blue,Silicone,24,46
695,12,2,8,Maxima Model 695,17372,0,4.9,Gold,Leather,36,16
696,8,1,2,Noise Model 696,15178,0,3.8,Gold,Leather,24,95
697,8,1,5,Noise Model 697,18216,0,4.9,Black,Metal,24,81
698,2,3,14,Sonata Model 698,22091,0,3.8,Black,Leather,24,291
699,8,1,2,Noise Model 699,7063,0,4.5,Green,Nylon,12,63
700,10,3,12,Ajanta Model 700,9443,25,4.3,Silver,Nylon,12,281
701,10,2,9,Ajanta Model 701,1355,5,3.8,Blue,Metal,12,180
702,7,2,9,Boat Model 702,11667,10,3.7,Brown,Nylon,24,88
703,10,3,12,Ajanta Model 703,20437,10,4.7,Green,Nylon,24,155
704,12,2,9,Maxima Model 704,17706,20,4.4,Gold,Leather,24,140
705,12,2,11,Maxima Model 705,15348,10,4.6,Blue,Metal,12,254
706,11,3,14,Citizen Model 706,2438,15,3.5,Blue,Metal,36,174
707,2,3,13,Sonata Model 707,23480,5,4.9,Gold,Nylon,12,45
708,6,1,6,Fossil Model 708,10212,20,4.6,Gold,Silicone,24,181
709,8,1,1,Noise Model 709,17508,10,3.8,Brown,Leather,36,85
710,2,2,8,Sonata Model 710,18922,0,4.8,Blue,Metal,24,286
711,11,3,15,Citizen Model 711,13459,0,3.8,Gold,Rubber,12,21
712,12,2,7,Maxima Model 712,14089,5,4.0,Black,Metal,12,63
713,3,2,11,Fastrack Model 713,10239,15,4.5,Green,Metal,36,187
714,5,2,10,Timex Model 714,4684,20,4.3,Brown,Leather,36,165
715,11,3,15,Citizen Model 715,23145,25,4.8,Silver,Nylon,12,86
716,12,3,13,Maxima Model 716,22590,20,4.0,Brown,Leather,12,42
717,6,3,12,Fossil Model 717,4792,5,4.6,Gold,Leather,36,98
718,4,1,6,Casio Model 718,22388,10,4.7,Black,Metal,12,299
719,1,3,13,Titan Model 719,14507,15,4.0,Gold,Silicone,12,278
720,1,2,9,Titan Model 720,4657,25,4.5,Black,Nylon,24,168
721,4,1,1,Casio Model 721,13782,25,4.5,Black,Metal,12,88
722,9,2,9,Fire-Boltt Model 722,21780,0,4.6,Brown,Metal,36,45
723,10,1,2,Ajanta Model 723,15227,20,4.7,Blue,Nylon,24,53
724,9,3,13,Fire-Boltt Model 724,12426,15,3.5,Black,Silicone,36,193
725,12,1,2,Maxima Model 725,22204,25,4.0,Black,Silicone,12,68
726,10,1,2,Ajanta Model 726,3511,20,4.6,Blue,Leather,12,132
727,8,2,9,Noise Model 727,24904,0,4.1,Gold,Leather,36,30
728,9,1,2,Fire-Boltt Model 728,3222,15,3.8,Silver,Silicone,36,120
729,10,1,5,Ajanta Model 729,9217,20,3.7,Gold,Rubber,12,234
730,9,3,13,Fire-Boltt Model 730,18705,15,4.2,Blue,Nylon,36,128
731,11,1,2,Citizen Model 731,10557,25,4.5,Blue,Rubber,24,281
732,9,1,2,Fire-Boltt Model 732,5955,0,3.8,Blue,Leather,12,66
733,12,1,6,Maxima Model 733,12962,0,4.4,Green,Nylon,24,299
734,3,2,8,Fastrack Model 734,1040,25,4.8,Black,Metal,36,224
735,3,3,12,Fastrack Model 735,24483,0,4.5,Black,Metal,36,216
736,6,1,2,Fossil Model 736,1690,15,3.5,Green,Rubber,24,40
737,8,1,1,Noise Model 737,6626,25,3.6,Gold,Nylon,24,297
738,8,2,10,Noise Model 738,19286,5,4.1,Blue,Silicone,24,90
739,11,2,11,Citizen Model 739,8587,5,4.7,Blue,Leather,24,158
740,4,3,12,Casio Model 740,14673,10,3.5,Brown,Leather,12,231
741,11,2,10,Citizen Model 741,8507,15,3.9,Brown,Leather,12,38
742,9,3,13,Fire-Boltt Model 742,14334,15,4.5,Blue,Nylon,12,292
743,4,3,13,Casio Model 743,8211,10,4.2,Gold,Nylon,24,215
744,2,3,12,Sonata Model 744,22469,25,4.6,Blue,Nylon,24,21
745,12,3,15,Maxima Model 745,5301,25,4.9,Silver,Metal,24,8
746,1,2,11,Titan Model 746,9428,15,5.0,Black,Rubber,36,102
747,12,1,1,Maxima Model 747,21689,25,4.2,Silver,Nylon,12,245
748,9,1,2,Fire-Boltt Model 748,18563,10,3.8,Blue,Silicone,12,39
749,6,1,2,Fossil Model 749,10805,5,3.8,Gold,Silicone,36,108
750,7,2,7,Boat Model 750,2658,10,4.2,Blue,Rubber,12,259
751,10,2,7,Ajanta Model 751,22936,20,5.0,Gold,Rubber,12,146
752,6,3,14,Fossil Model 752,13430,25,3.8,Black,Metal,12,157
753,3,3,12,Fastrack Model 753,18027,20,4.5,Black,Leather,24,193
754,5,1,4,Timex Model 754,24925,0,4.3,Blue,Nylon,12,90
755,1,3,13,Titan Model 755,10339,15,4.7,Silver,Silicone,36,219
756,9,2,9,Fire-Boltt Model 756,17321,0,4.9,Silver,Leather,36,272
757,8,3,12,Noise Model 757,16877,5,4.1,Gold,Rubber,24,118
758,7,1,3,Boat Model 758,12178,15,4.4,Blue,Nylon,36,80
759,11,3,13,Citizen Model 759,21202,10,3.9,Gold,Rubber,36,42
760,10,2,11,Ajanta Model 760,21820,10,4.7,Green,Leather,24,151
761,12,2,10,Maxima Model 761,22208,0,4.3,Blue,Silicone,24,286
762,7,1,6,Boat Model 762,16792,0,4.2,Gold,Silicone,24,22
763,9,3,12,Fire-Boltt Model 763,827,0,3.6,Brown,Rubber,12,160
764,2,2,11,Sonata Model 764,17613,10,4.7,Silver,Metal,24,269
765,11,2,7,Citizen Model 765,17443,10,4.7,Black,Leather,36,245
766,9,3,12,Fire-Boltt Model 766,4881,25,4.9,Brown,Silicone,24,115
767,7,2,7,Boat Model 767,16281,5,3.6,Brown,Silicone,12,158
768,8,3,13,Noise Model 768,23473,10,4.2,Brown,Nylon,24,280
769,11,3,14,Citizen Model 769,5898,5,3.5,Gold,Nylon,12,13
770,5,2,8,Timex Model 770,10518,5,4.5,Green,Leather,36,95
771,1,3,12,Titan Model 771,6369,15,4.9,Black,Nylon,12,227
772,7,1,2,Boat Model 772,16135,5,4.3,Blue,Metal,12,249
773,1,3,12,Titan Model 773,22368,10,4.8,Silver,Nylon,36,150
774,1,1,3,Titan Model 774,17948,20,4.9,Blue,Metal,12,84
775,4,1,1,Casio Model 775,7534,20,4.9,Blue,Nylon,12,60
776,12,1,6,Maxima Model 776,18240,20,3.7,Blue,Rubber,36,79
777,11,1,2,Citizen Model 777,4150,10,4.4,Brown,Nylon,12,146
778,10,2,10,Ajanta Model 778,14084,0,4.6,Silver,Nylon,36,10
779,9,1,3,Fire-Boltt Model 779,16812,20,3.6,Brown,Metal,36,22
780,6,3,12,Fossil Model 780,5247,10,4.8,Silver,Silicone,24,62
781,7,3,15,Boat Model 781,6850,10,3.9,Gold,Leather,36,8
782,7,1,3,Boat Model 782,3657,10,4.7,Silver,Nylon,24,262
783,10,1,2,Ajanta Model 783,10526,20,4.3,Green,Leather,24,168
784,10,2,10,Ajanta Model 784,7717,10,3.9,Silver,Silicone,24,106
785,7,2,8,Boat Model 785,5731,25,4.9,Green,Nylon,24,106
786,12,2,9,Maxima Model 786,18198,25,5.0,Brown,Metal,24,20
787,10,1,6,Ajanta Model 787,13692,25,4.6,Silver,Rubber,24,29
788,1,1,5,Titan Model 788,13533,5,4.1,Black,Metal,12,258
789,5,3,13,Timex Model 789,20548,20,3.5,Gold,Nylon,12,85
790,2,3,15,Sonata Model 790,23392,15,4.2,Black,Nylon,12,283
791,3,2,10,Fastrack Model 791,1958,10,4.6,Silver,Nylon,24,232
792,6,1,5,Fossil Model 792,21274,5,4.4,Black,Silicone,12,61
793,9,3,15,Fire-Boltt Model 793,16524,15,4.8,Silver,Nylon,36,139
794,1,1,1,Titan Model 794,21458,15,3.8,Brown,Metal,12,242
795,11,1,3,Citizen Model 795,19842,20,3.7,Green,Leather,36,149
796,2,2,10,Sonata Model 796,11385,0,4.5,Green,Nylon,36,199
797,8,1,2,Noise Model 797,15166,0,5.0,Black,Metal,36,286
798,12,3,14,Maxima Model 798,19424,10,3.6,Gold,Leather,36,237
799,11,3,13,Citizen Model 799,17098,25,3.8,Gold,Metal,36,227
800,5,3,13,Timex Model 800,1494,10,4.8,Black,Silicone,24,72
801,11,1,3,Citizen Model 801,18522,25,4.5,Black,Rubber,24,270
802,1,3,14,Titan Model 802,17742,10,4.3,Silver,Silicone,36,152
803,10,2,7,Ajanta Model 803,9601,10,5.0,Brown,Silicone,12,294
804,12,2,7,Maxima Model 804,16383,15,4.8,Blue,Rubber,36,219
805,7,3,12,Boat Model 805,24807,25,3.9,Silver,Nylon,24,33
806,5,1,1,Timex Model 806,12134,15,3.7,Silver,Silicone,12,84
807,4,3,12,Casio Model 807,12004,25,4.9,Blue,Rubber,12,50
808,6,3,12,Fossil Model 808,4285,5,4.6,Silver,Rubber,36,84
809,2,3,12,Sonata Model 809,6362,25,4.7,Green,Rubber,12,260
810,2,2,10,Sonata Model 810,2443,25,4.3,Brown,Silicone,24,256
811,6,1,5,Fossil Model 811,998,15,4.5,Black,Metal,12,85
812,12,2,10,Maxima Model 812,2841,25,3.7,Green,Metal,24,291
813,8,2,7,Noise Model 813,15667,10,3.6,Silver,Rubber,12,82
814,11,1,4,Citizen Model 814,13442,5,3.5,Black,Silicone,24,130
815,4,2,9,Casio Model 815,8778,20,3.7,Blue,Rubber,12,271
816,7,2,11,Boat Model 816,12527,15,3.5,Silver,Leather,36,197
817,11,1,4,Citizen Model 817,15794,0,4.6,Silver,Rubber,36,60
818,6,1,1,Fossil Model 818,12032,0,4.6,Black,Nylon,36,191
819,11,1,5,Citizen Model 819,18485,5,3.9,Brown,Leather,12,237
820,10,2,11,Ajanta Model 820,18724,20,3.9,Brown,Leather,24,213
821,5,2,11,Timex Model 821,24869,5,4.7,Silver,Leather,24,216
822,6,1,6,Fossil Model 822,17406,5,4.5,Black,Nylon,24,277
823,5,2,10,Timex Model 823,1274,5,4.9,Black,Metal,12,288
824,9,3,15,Fire-Boltt Model 824,8162,10,3.7,Gold,Leather,36,189
825,3,3,13,Fastrack Model 825,11109,20,4.8,Black,Silicone,24,115
826,8,1,6,Noise Model 826,3981,0,3.8,Gold,Nylon,12,273
827,6,1,4,Fossil Model 827,22749,20,4.5,Silver,Silicone,12,239
828,9,1,1,Fire-Boltt Model 828,13006,15,3.6,Green,Silicone,36,75
829,2,1,2,Sonata Model 829,17985,20,4.8,Green,Metal,24,69
830,10,3,12,Ajanta Model 830,19514,15,4.0,Black,Leather,24,205
831,12,3,12,Maxima Model 831,14865,15,3.8,Gold,Leather,36,108
832,10,3,12,Ajanta Model 832,1572,0,3.9,Silver,Rubber,36,220
833,8,1,5,Noise Model 833,3304,0,3.5,Silver,Metal,24,29
834,8,3,14,Noise Model 834,7893,5,4.1,Green,Leather,36,67
835,8,2,10,Noise Model 835,16607,20,4.2,Gold,Rubber,36,122
836,12,2,11,Maxima Model 836,5528,5,3.9,Gold,Metal,36,48
837,7,2,9,Boat Model 837,14929,5,4.6,Brown,Nylon,36,180
838,4,3,12,Casio Model 838,19737,20,4.2,Blue,Nylon,36,85
839,1,2,11,Titan Model 839,14340,15,4.4,Black,Nylon,24,18
840,12,3,12,Maxima Model 840,9872,20,3.7,Black,Silicone,12,183
841,11,3,15,Citizen Model 841,5042,0,3.8,Blue,Leather,12,155
842,5,1,4,Timex Model 842,14135,20,3.9,Brown,Leather,24,300
843,11,2,7,Citizen Model 843,15537,0,4.8,Brown,Leather,36,250
844,12,2,7,Maxima Model 844,7695,10,4.7,Black,Metal,12,240
845,9,2,7,Fire-Boltt Model 845,4491,5,4.1,Black,Leather,36,188
846,9,3,14,Fire-Boltt Model 846,4420,0,4.0,Silver,Silicone,12,204
847,6,2,9,Fossil Model 847,19472,0,3.7,Blue,Rubber,24,128
848,12,3,14,Maxima Model 848,17638,25,5.0,Black,Leather,24,91
849,9,2,9,Fire-Boltt Model 849,2227,20,4.1,Silver,Rubber,24,112
850,9,2,10,Fire-Boltt Model 850,12563,0,4.7,Blue,Rubber,12,177
851,4,1,2,Casio Model 851,5359,25,4.0,Brown,Metal,24,216
852,5,2,8,Timex Model 852,9377,20,3.7,Gold,Silicone,24,29
853,11,1,4,Citizen Model 853,15796,25,3.8,Black,Metal,36,26
854,2,2,11,Sonata Model 854,2278,5,4.6,Brown,Nylon,24,248
855,8,1,2,Noise Model 855,9375,0,5.0,Black,Nylon,36,121
856,12,2,8,Maxima Model 856,11555,15,4.9,Gold,Metal,24,67
857,1,2,8,Titan Model 857,3888,0,4.3,Gold,Leather,24,37
858,9,3,12,Fire-Boltt Model 858,17118,5,4.2,Silver,Nylon,24,135
859,4,2,10,Casio Model 859,5935,10,4.2,Black,Rubber,36,203
860,2,2,10,Sonata Model 860,19909,20,4.6,Green,Nylon,12,152
861,1,2,9,Titan Model 861,5139,25,4.5,Blue,Metal,12,248
862,4,1,2,Casio Model 862,22142,10,5.0,Black,Metal,12,183
863,5,2,10,Timex Model 863,11827,0,4.8,Gold,Rubber,36,110
864,8,3,13,Noise Model 864,10946,25,4.5,Blue,Leather,36,297
865,7,2,9,Boat Model 865,16394,5,4.5,Blue,Silicone,12,107
866,4,3,12,Casio Model 866,19657,5,4.0,Black,Leather,12,264
867,12,3,12,Maxima Model 867,5547,20,5.0,Gold,Leather,24,269
868,3,3,12,Fastrack Model 868,18232,5,3.5,Silver,Rubber,36,107
869,2,2,9,Sonata Model 869,4378,5,3.7,Black,Metal,36,141
870,5,1,4,Timex Model 870,1796,20,3.6,Silver,Silicone,24,167
871,1,1,6,Titan Model 871,5746,10,3.8,Gold,Rubber,36,248
872,10,2,9,Ajanta Model 872,22866,5,3.7,Blue,Nylon,12,106
873,2,1,6,Sonata Model 873,1323,10,4.9,Brown,Metal,12,282
874,6,3,15,Fossil Model 874,15044,20,3.9,Gold,Nylon,36,80
875,5,2,9,Timex Model 875,24202,20,4.4,Silver,Leather,24,238
876,11,1,4,Citizen Model 876,16082,5,3.8,Blue,Nylon,36,183
877,3,3,14,Fastrack Model 877,15231,10,3.7,Green,Silicone,12,123
878,8,1,2,Noise Model 878,23807,0,4.8,Green,Metal,12,194
879,9,1,6,Fire-Boltt Model 879,6405,25,3.7,Gold,Nylon,36,166
880,9,3,12,Fire-Boltt Model 880,9786,25,4.4,Black,Leather,12,226
881,1,3,13,Titan Model 881,11194,5,3.8,Black,Leather,24,133
882,6,1,1,Fossil Model 882,5339,20,5.0,Green,Leather,12,182
883,6,2,9,Fossil Model 883,17610,20,4.7,Gold,Leather,24,69
884,3,3,15,Fastrack Model 884,2479,25,4.5,Silver,Leather,24,137
885,4,2,7,Casio Model 885,21256,0,4.6,Silver,Metal,24,266
886,1,3,15,Titan Model 886,24490,5,4.4,Gold,Nylon,36,177
887,6,2,10,Fossil Model 887,24349,5,3.7,Black,Nylon,36,279
888,8,1,3,Noise Model 888,14902,5,3.6,Silver,Leather,36,104
889,8,3,15,Noise Model 889,7880,25,4.3,Green,Metal,24,49
890,11,1,3,Citizen Model 890,10599,15,5.0,Black,Rubber,36,173
891,5,1,5,Timex Model 891,2419,25,3.7,Silver,Metal,24,6
892,11,2,8,Citizen Model 892,9431,5,3.6,Brown,Rubber,36,255
893,7,3,14,Boat Model 893,20622,15,4.5,Green,Rubber,36,187
894,10,3,13,Ajanta Model 894,19922,25,4.9,Black,Nylon,36,111
895,8,1,3,Noise Model 895,7507,5,5.0,Green,Leather,12,109
896,1,1,1,Titan Model 896,17721,20,4.7,Green,Rubber,12,18
897,4,2,8,Casio Model 897,22287,25,4.9,Blue,Nylon,12,251
898,3,3,12,Fastrack Model 898,23482,0,4.6,Silver,Silicone,12,290
899,5,3,12,Timex Model 899,10615,25,3.9,Gold,Nylon,36,135
900,6,3,13,Fossil Model 900,6763,5,4.9,Blue,Rubber,36,223
901,1,2,11,Titan Model 901,16384,15,3.7,Green,Silicone,24,172
902,1,2,7,Titan Model 902,6551,25,4.3,Black,Silicone,12,207
903,4,3,15,Casio Model 903,24185,25,5.0,Silver,Leather,36,39
904,5,3,13,Timex Model 904,21659,5,4.4,Silver,Leather,24,96
905,8,1,2,Noise Model 905,17663,10,4.3,Blue,Nylon,36,288
906,11,2,11,Citizen Model 906,20311,25,4.8,Gold,Rubber,36,184
907,8,2,11,Noise Model 907,4741,15,3.8,Blue,Nylon,12,287
908,9,1,5,Fire-Boltt Model 908,15033,15,3.5,Gold,Leather,12,25
909,3,2,10,Fastrack Model 909,20912,0,3.9,Brown,Leather,36,299
910,5,1,2,Timex Model 910,18871,10,4.8,Blue,Silicone,24,299
911,9,1,5,Fire-Boltt Model 911,24792,10,3.9,Blue,Rubber,36,163
912,5,3,13,Timex Model 912,19454,15,4.4,Black,Leather,36,179
913,5,2,11,Timex Model 913,19962,25,3.8,Green,Nylon,36,173
914,5,1,6,Timex Model 914,5927,25,4.8,Black,Leather,12,79
915,2,1,1,Sonata Model 915,2674,0,4.0,Blue,Leather,24,63
916,9,3,15,Fire-Boltt Model 916,14004,10,3.9,Silver,Nylon,24,94
917,9,1,5,Fire-Boltt Model 917,24145,10,3.9,Blue,Silicone,12,130
918,6,2,8,Fossil Model 918,11932,15,4.6,Green,Metal,12,294
919,10,2,7,Ajanta Model 919,9262,5,4.1,Blue,Silicone,12,242
920,11,2,11,Citizen Model 920,18029,15,3.9,Silver,Leather,36,77
921,8,2,9,Noise Model 921,5618,20,4.7,Black,Silicone,12,291
922,1,2,9,Titan Model 922,24274,15,3.5,Blue,Nylon,24,96
923,2,3,14,Sonata Model 923,17360,25,4.8,Black,Silicone,24,266
924,3,3,13,Fastrack Model 924,14352,0,3.6,Brown,Rubber,36,251
925,7,3,12,Boat Model 925,16946,25,3.8,Silver,Silicone,12,159
926,9,1,1,Fire-Boltt Model 926,17551,0,3.8,Silver,Rubber,36,174
927,10,2,9,Ajanta Model 927,22604,0,4.1,Black,Nylon,36,37
928,10,1,3,Ajanta Model 928,16541,15,4.3,Brown,Metal,24,67
929,2,1,2,Sonata Model 929,5837,15,4.0,Silver,Rubber,12,288
930,7,2,7,Boat Model 930,4092,0,3.6,Black,Rubber,36,228
931,1,1,6,Titan Model 931,6730,5,4.1,Silver,Rubber,24,289
932,5,2,9,Timex Model 932,2498,20,4.3,Green,Silicone,24,113
933,7,3,13,Boat Model 933,13799,15,4.2,Blue,Leather,12,252
934,6,3,15,Fossil Model 934,4198,25,3.9,Black,Metal,24,55
935,6,2,8,Fossil Model 935,7346,25,3.6,Black,Rubber,24,44
936,9,3,15,Fire-Boltt Model 936,5851,0,4.2,Gold,Silicone,36,113
937,9,3,12,Fire-Boltt Model 937,10382,15,3.8,Silver,Leather,24,270
938,9,2,8,Fire-Boltt Model 938,24050,0,4.7,Green,Leather,12,81
939,1,1,6,Titan Model 939,9608,20,4.3,Gold,Metal,36,284
940,12,2,7,Maxima Model 940,2235,0,4.6,Silver,Silicone,36,195
941,6,3,12,Fossil Model 941,14916,15,4.4,Blue,Metal,36,38
942,10,3,15,Ajanta Model 942,14359,15,4.1,Silver,Silicone,12,132
943,10,3,14,Ajanta Model 943,8913,5,4.8,Silver,Leather,24,265
944,2,3,15,Sonata Model 944,15540,10,4.1,Brown,Silicone,24,253
945,10,1,5,Ajanta Model 945,18241,10,4.2,Blue,Nylon,36,149
946,5,2,10,Timex Model 946,15412,0,4.3,Green,Silicone,12,118
947,2,1,1,Sonata Model 947,2168,25,4.3,Green,Leather,24,26
948,11,1,2,Citizen Model 948,1830,5,4.5,Blue,Nylon,36,7
949,12,2,11,Maxima Model 949,16394,20,5.0,Brown,Silicone,12,187
950,5,3,15,Timex Model 950,16033,20,4.0,Green,Metal,12,44
951,1,1,4,Titan Model 951,20601,15,4.0,Blue,Silicone,36,181
952,3,2,7,Fastrack Model 952,17051,25,4.8,Green,Metal,12,127
953,12,1,6,Maxima Model 953,1319,15,3.5,Brown,Leather,36,17
954,8,2,7,Noise Model 954,8908,10,4.2,Green,Nylon,12,177
955,8,1,2,Noise Model 955,12062,0,3.8,Silver,Silicone,36,214
956,6,2,9,Fossil Model 956,13196,15,4.1,Black,Leather,12,172
957,12,1,1,Maxima Model 957,4046,0,3.8,Silver,Leather,36,162
958,7,3,15,Boat Model 958,7561,10,4.0,Black,Leather,24,194
959,5,3,13,Timex Model 959,12570,15,4.8,Black,Rubber,36,72
960,6,2,7,Fossil Model 960,6966,0,5.0,Green,Silicone,24,270
961,7,3,14,Boat Model 961,14857,5,4.5,Black,Nylon,24,193
962,4,1,6,Casio Model 962,8313,5,3.8,Blue,Nylon,12,34
963,4,1,1,Casio Model 963,3804,15,3.9,Silver,Silicone,12,28
964,5,2,8,Timex Model 964,22295,15,4.2,Blue,Nylon,12,142
965,12,3,15,Maxima Model 965,22831,20,3.6,Blue,Nylon,36,47
966,6,2,11,Fossil Model 966,18983,15,4.3,Gold,Silicone,24,101
967,9,1,1,Fire-Boltt Model 967,10021,0,4.8,Green,Nylon,12,34
968,1,3,15,Titan Model 968,17433,5,4.5,Brown,Silicone,36,241
969,11,3,14,Citizen Model 969,16426,0,4.7,Brown,Silicone,36,70
970,7,3,15,Boat Model 970,14744,0,4.8,Silver,Metal,24,283
971,5,3,15,Timex Model 971,16598,10,3.6,Silver,Rubber,36,142
972,10,1,4,Ajanta Model 972,13339,0,3.8,Black,Rubber,12,119
973,3,1,3,Fastrack Model 973,15744,5,3.9,Brown,Leather,12,52
974,2,3,14,Sonata Model 974,15325,20,4.7,Gold,Leather,12,259
975,2,1,1,Sonata Model 975,6207,5,4.8,Silver,Silicone,12,277
976,11,3,12,Citizen Model 976,1830,20,3.5,Blue,Nylon,36,169
977,7,1,3,Boat Model 977,18158,5,3.9,Silver,Rubber,36,76
978,7,1,4,Boat Model 978,19406,5,3.6,Black,Leather,36,102
979,6,1,4,Fossil Model 979,1270,0,5.0,Brown,Leather,12,151
980,11,1,2,Citizen Model 980,7181,0,4.4,Gold,Rubber,24,209
981,12,2,9,Maxima Model 981,14869,0,4.4,Blue,Leather,24,263
982,11,3,14,Citizen Model 982,17866,0,3.7,Brown,Silicone,36,294
983,9,3,12,Fire-Boltt Model 983,3146,25,3.8,Blue,Leather,36,240
984,10,3,14,Ajanta Model 984,20267,10,5.0,Gold,Nylon,12,92
985,4,3,15,Casio Model 985,18181,15,3.7,Blue,Silicone,24,48
986,3,1,2,Fastrack Model 986,21929,20,3.7,Brown,Rubber,36,128
987,2,2,7,Sonata Model 987,2961,0,4.4,Gold,Nylon,36,9
988,6,3,12,Fossil Model 988,4467,10,4.2,Black,Rubber,36,266
989,8,2,10,Noise Model 989,6516,5,3.6,Black,Silicone,36,169
990,12,2,8,Maxima Model 990,24848,10,5.0,Black,Leather,12,34
991,5,3,15,Timex Model 991,1729,0,3.8,Blue,Rubber,12,172
992,6,2,9,Fossil Model 992,3769,0,4.9,Blue,Silicone,12,45
993,7,2,8,Boat Model 993,12908,0,4.6,Black,Metal,12,232
994,9,3,14,Fire-Boltt Model 994,11573,10,3.9,Brown,Leather,12,253
995,5,1,1,Timex Model 995,10988,0,4.1,Gold,Rubber,24,171
996,2,1,5,Sonata Model 996,10512,15,4.3,Silver,Leather,24,221
997,6,2,9,Fossil Model 997,11344,15,4.8,Silver,Metal,24,42
998,3,3,15,Fastrack Model 998,22470,0,4.0,Black,Metal,24,103
999,2,1,6,Sonata Model 999,3983,0,3.6,Gold,Leather,36,90
1000,7,3,13,Boat Model 1000,21786,0,5.0,Brown,Nylon,12,228
