WishlistID,CustomerID,ProductID,AddedDate
1,1657,11,2026-05-07
2,1088,93,2025-07-05
3,54,389,2025-01-09
4,2348,147,2025-05-21
5,2243,924,2025-08-15
6,404,806,2025-09-11
7,1448,253,2025-12-29
8,2478,374,2025-05-23
9,2440,951,2025-04-20
10,513,163,2025-08-16
11,1566,218,2025-06-05
12,2133,667,2025-06-05
13,2661,539,2025-09-17
14,943,74,2025-06-05
15,115,841,2025-02-01
16,1384,267,2025-12-03
17,1094,581,2025-08-02
18,2609,198,2025-07-17
19,1004,954,2026-05-05
20,1095,923,2026-04-23
21,1829,285,2025-03-05
22,2235,894,2026-04-26
23,494,807,2025-07-07
24,2158,653,2026-04-12
25,543,844,2026-03-10
26,2924,731,2026-06-20
27,1057,683,2025-04-18
28,897,141,2025-06-16
29,665,808,2025-10-16
30,680,345,2025-10-02
31,379,401,2026-02-01
32,213,832,2025-10-22
33,1988,696,2026-07-04
34,2960,102,2026-02-17
35,1999,476,2026-04-26
36,1153,985,2026-02-24
37,2146,179,2025-02-04
38,881,835,2026-05-29
39,2775,583,2025-10-21
40,610,201,2025-11-06
41,944,976,2025-09-11
42,58,673,2025-09-10
43,308,466,2025-07-11
44,937,272,2025-02-24
45,350,177,2026-03-09
46,1816,945,2025-10-18
47,2116,859,2025-01-13
48,1265,611,2025-07-07
49,2679,53,2025-07-13
50,414,179,2026-06-01
51,2131,489,2025-12-04
52,2098,78,2025-09-24
53,1322,937,2026-03-16
54,2038,303,2025-01-28
55,1933,224,2025-04-08
56,2361,608,2025-01-16
57,1345,323,2026-04-07
58,2698,297,2026-05-05
59,1033,752,2025-04-11
60,772,66,2025-04-27
61,1840,992,2026-01-10
62,1442,647,2026-01-09
63,2168,891,2025-10-10
64,2540,900,2025-08-28
65,2203,776,2025-06-06
66,2521,665,2026-02-07
67,1234,470,2026-04-21
68,178,38,2025-10-31
69,1399,171,2025-10-29
70,1282,5,2025-08-23
71,286,804,2026-01-19
72,2569,541,2025-01-18
73,1651,372,2025-03-05
74,2915,147,2025-05-03
75,851,2,2025-12-27
76,1327,232,2026-05-31
77,686,849,2026-04-12
78,474,180,2025-06-15
79,861,637,2025-03-21
80,2294,319,2025-03-02
81,856,651,2025-12-05
82,2661,933,2025-05-30
83,1653,768,2026-05-09
84,2143,806,2025-10-10
85,1307,27,2025-11-29
86,2105,186,2026-02-05
87,2174,836,2025-12-11
88,576,846,2025-08-15
89,2950,257,2025-12-29
90,675,41,2025-12-20
91,715,281,2025-06-24
92,298,251,2026-04-18
93,179,131,2026-03-20
94,2305,790,2025-02-11
95,2913,390,2025-03-08
96,1887,667,2025-08-26
97,2037,605,2026-03-10
98,2865,238,2025-07-23
99,33,699,2026-06-24
100,2548,240,2025-11-11
101,969,791,2025-12-15
102,583,125,2026-02-07
103,2745,404,2026-02-27
104,381,872,2026-06-27
105,2938,199,2025-06-21
106,1623,629,2025-03-24
107,2801,788,2025-09-01
108,875,619,2025-07-01
109,2391,627,2026-06-05
110,1157,328,2025-05-13
111,2314,335,2026-04-05
112,2955,302,2026-03-03
113,2731,651,2026-02-20
114,283,165,2025-09-01
115,847,628,2025-06-20
116,110,457,2025-11-11
117,1117,83,2026-06-11
118,575,847,2025-10-07
119,1684,416,2026-01-30
120,1416,66,2025-11-26
121,94,822,2026-04-25
122,831,397,2025-04-21
123,1947,981,2025-06-23
124,1737,97,2026-03-27
125,2420,626,2026-05-31
126,1659,716,2025-02-03
127,2945,999,2025-08-08
128,2336,346,2026-02-04
129,2910,128,2025-07-13
130,2806,578,2025-07-26
131,438,879,2025-05-10
132,32,653,2025-09-07
133,938,708,2026-06-06
134,800,550,2025-10-02
135,2029,655,2025-04-08
136,2304,794,2025-09-30
137,2800,935,2025-06-29
138,1416,992,2026-04-09
139,1740,501,2026-05-05
140,1030,695,2025-01-02
141,1943,579,2025-03-12
142,2624,436,2025-12-19
143,301,546,2025-02-28
144,1881,51,2025-05-09
145,1531,537,2025-12-15
146,2157,839,2025-01-27
147,2173,509,2025-09-25
148,792,854,2025-09-02
149,145,918,2026-03-16
150,1464,375,2025-09-27
151,2625,417,2025-07-28
152,2440,767,2025-09-22
153,1150,267,2025-09-14
154,2780,796,2025-02-28
155,2415,77,2025-10-08
156,2719,451,2025-03-08
157,285,762,2025-10-19
158,2964,953,2025-08-30
159,213,600,2026-04-30
160,1614,224,2025-02-24
161,1383,34,2025-12-20
162,319,666,2026-06-19
163,1918,837,2025-02-11
164,1108,887,2025-11-15
165,1101,877,2025-03-14
166,2938,582,2026-05-03
167,2451,109,2025-05-16
168,169,414,2025-03-04
169,573,476,2025-06-02
170,216,728,2025-11-23
171,2378,38,2025-04-22
172,2995,477,2026-05-25
173,1315,263,2026-03-24
174,1800,573,2026-04-22
175,2493,974,2026-06-13
176,297,330,2026-05-18
177,2561,134,2025-12-26
178,920,401,2025-06-11
179,2012,216,2025-05-25
180,1734,817,2026-02-20
181,2341,195,2026-01-14
182,1845,306,2025-05-30
183,2566,174,2026-04-11
184,860,970,2025-12-28
185,796,946,2025-07-07
186,2886,584,2025-04-10
187,2317,485,2025-04-16
188,940,800,2025-09-12
189,2317,333,2025-04-29
190,1390,36,2025-02-17
191,1798,841,2025-02-02
192,2264,354,2025-02-17
193,476,896,2025-12-27
194,938,209,2025-07-29
195,718,200,2025-01-22
196,1507,733,2025-10-12
197,215,615,2026-06-23
198,330,139,2025-04-22
199,1318,609,2026-05-25
200,814,847,2025-11-08
201,474,82,2025-01-30
202,2789,905,2025-01-28
203,1063,992,2025-01-20
204,2401,37,2025-09-21
205,1756,378,2025-10-01
206,2381,844,2025-08-23
207,412,231,2025-08-03
208,1825,950,2026-01-11
209,2736,648,2026-05-25
210,939,516,2026-03-03
211,818,764,2026-06-20
212,98,62,2025-11-07
213,2571,334,2026-05-14
214,1075,222,2026-04-01
215,2225,87,2025-02-07
216,1072,701,2026-05-26
217,1480,840,2025-11-28
218,1205,17,2025-12-26
219,2879,682,2026-03-03
220,881,157,2025-11-11
221,807,785,2026-02-27
222,1805,385,2025-06-24
223,449,445,2026-03-01
224,296,41,2025-10-14
225,1749,933,2025-03-18
226,2433,28,2025-05-31
227,2249,472,2025-06-07
228,2868,713,2025-04-28
229,2392,671,2025-08-26
230,2583,573,2025-01-18
231,2781,573,2026-05-13
232,795,796,2026-01-21
233,1929,784,2025-02-18
234,2114,60,2025-08-21
235,2967,181,2026-03-18
236,1574,186,2025-01-05
237,2535,829,2026-05-29
238,1435,827,2026-05-02
239,2735,586,2025-06-03
240,2105,570,2026-06-07
241,546,716,2025-07-30
242,301,159,2025-07-13
243,2429,648,2025-02-16
244,875,592,2026-01-07
245,1185,421,2025-08-17
246,1377,7,2025-01-04
247,2489,459,2025-10-22
248,191,79,2025-09-22
249,1343,450,2025-06-08
250,2704,983,2025-01-08
251,925,921,2025-02-08
252,2711,31,2025-09-03
253,1073,876,2025-06-06
254,2707,757,2025-02-05
255,1980,683,2025-01-03
256,2607,577,2026-06-11
257,1478,574,2025-11-30
258,2985,735,2025-02-19
259,1560,514,2025-02-24
260,2616,96,2025-11-12
261,2835,668,2026-03-07
262,118,335,2025-11-11
263,1596,423,2026-04-27
264,108,581,2026-02-23
265,2610,756,2026-03-11
266,2031,913,2025-12-17
267,622,469,2025-12-04
268,182,304,2025-04-01
269,1014,130,2025-02-18
270,1707,273,2025-09-10
271,304,4,2025-03-05
272,1323,853,2025-03-29
273,1090,656,2026-06-11
274,2098,105,2025-08-15
275,679,231,2025-09-08
276,1519,927,2026-02-02
277,1842,516,2025-04-22
278,1510,390,2026-04-22
279,1158,351,2025-12-04
280,1590,92,2025-10-17
281,2879,11,2025-06-08
282,1781,563,2026-02-03
283,2569,757,2025-11-09
284,2656,559,2026-03-01
285,1196,665,2025-04-13
286,777,320,2025-11-30
287,228,960,2026-01-03
288,1407,457,2025-05-31
289,1752,101,2026-01-29
290,1305,197,2025-01-01
291,2556,683,2025-12-05
292,2290,461,2025-01-29
293,1017,124,2025-02-21
294,2867,699,2026-02-16
295,30,712,2025-08-01
296,2942,127,2025-12-16
297,2574,927,2025-06-21
298,1521,500,2025-07-11
299,1201,958,2025-05-30
300,552,957,2025-02-28
301,1773,572,2025-01-06
302,1665,432,2025-11-07
303,2671,455,2025-03-14
304,2137,304,2025-01-20
305,654,516,2025-02-24
306,2403,690,2025-02-17
307,1501,900,2026-06-30
308,2304,592,2025-03-19
309,284,738,2025-09-22
310,2927,694,2026-06-11
311,1791,469,2025-02-27
312,618,246,2025-02-23
313,2341,929,2025-12-18
314,1453,957,2025-11-01
315,1253,1,2026-04-07
316,212,551,2025-06-09
317,1419,24,2025-03-02
318,2050,660,2026-04-07
319,172,867,2026-01-07
320,1095,71,2026-05-23
321,2764,275,2026-01-03
322,2167,583,2025-06-18
323,920,22,2026-03-02
324,2001,81,2026-03-03
325,882,229,2026-03-24
326,370,42,2025-09-15
327,57,140,2026-03-25
328,1540,742,2025-02-10
329,2344,4,2026-03-14
330,1030,907,2026-03-08
331,2860,318,2026-03-29
332,1260,548,2025-08-14
333,381,739,2025-12-06
334,2946,231,2025-07-25
335,647,549,2025-07-17
336,1062,547,2025-04-17
337,1536,817,2026-06-02
338,1024,28,2025-05-25
339,2079,991,2026-01-30
340,1355,728,2025-01-19
341,1757,384,2025-12-19
342,936,470,2025-08-14
343,2126,462,2025-01-02
344,2236,241,2026-01-28
345,2451,803,2025-10-30
346,2165,553,2026-02-03
347,170,225,2026-05-09
348,2994,82,2026-05-27
349,841,53,2025-02-24
350,2859,50,2026-02-06
351,808,656,2025-05-25
352,1528,534,2025-03-28
353,2452,228,2025-10-23
354,2560,379,2025-12-31
355,541,92,2025-05-22
356,219,778,2025-01-24
357,892,276,2025-07-05
358,2761,85,2025-05-19
359,1260,246,2025-12-14
360,1635,863,2025-09-06
361,2839,528,2026-03-31
362,1718,267,2025-01-18
363,2594,558,2025-12-02
364,2410,903,2025-08-16
365,1869,388,2025-08-04
366,234,965,2026-01-28
367,2334,661,2026-06-30
368,2757,154,2026-02-21
369,2756,79,2026-03-09
370,712,636,2025-05-17
371,2998,14,2025-09-30
372,1146,51,2025-06-27
373,2512,182,2025-01-20
374,1288,151,2025-06-22
375,2161,333,2025-05-27
376,240,744,2025-06-02
377,2962,828,2026-04-14
378,2136,922,2025-03-30
379,353,813,2026-04-05
380,896,916,2025-03-01
381,2137,633,2025-09-22
382,1050,450,2026-01-31
383,2313,921,2026-03-01
384,1583,745,2025-01-29
385,1850,249,2026-05-29
386,997,152,2026-04-17
387,794,252,2025-12-10
388,1116,454,2025-08-28
389,1169,683,2026-04-30
390,369,785,2026-01-28
391,2888,90,2025-06-03
392,175,857,2026-06-07
393,971,586,2025-10-21
394,407,559,2025-11-22
395,1105,24,2026-06-26
396,2706,747,2025-03-10
397,1358,226,2025-10-13
398,1649,744,2025-04-20
399,1433,970,2025-07-03
400,939,980,2026-01-29
401,399,400,2025-03-17
402,2887,385,2025-06-10
403,1508,447,2025-07-31
404,781,715,2025-11-11
405,1832,934,2025-03-26
406,1199,883,2025-10-13
407,1705,7,2025-05-08
408,1782,39,2025-07-28
409,1424,30,2026-02-04
410,414,806,2025-11-05
411,2037,25,2026-04-14
412,2443,319,2025-04-23
413,198,721,2025-11-28
414,2247,650,2025-09-01
415,2316,394,2026-01-16
416,313,338,2025-03-05
417,763,613,2025-07-04
418,2793,254,2026-02-02
419,2087,474,2026-02-18
420,1015,524,2025-07-16
421,1634,247,2025-01-05
422,2048,739,2025-10-06
423,1117,704,2025-04-14
424,719,177,2025-01-26
425,995,116,2025-04-05
426,1680,36,2025-05-03
427,2182,84,2026-03-14
428,1000,529,2026-03-21
429,2540,270,2026-02-07
430,1685,745,2025-06-04
431,2165,502,2025-01-26
432,2860,929,2025-12-12
433,1548,263,2026-03-15
434,1283,536,2026-03-05
435,683,230,2025-05-26
436,2434,120,2025-12-02
437,115,809,2025-01-20
438,1001,665,2026-01-03
439,2592,768,2026-03-01
440,1992,24,2025-05-11
441,2224,98,2025-01-27
442,2705,619,2025-05-23
443,299,485,2025-07-09
444,1088,152,2025-11-03
445,2320,464,2025-08-14
446,1108,555,2025-08-20
447,1169,323,2026-03-01
448,2051,828,2025-04-08
449,62,502,2026-06-20
450,1108,854,2025-10-30
451,1275,436,2025-02-16
452,285,327,2025-06-30
453,2107,637,2025-12-31
454,2336,745,2026-06-30
455,584,150,2025-08-10
456,247,335,2025-02-13
457,1344,534,2026-01-16
458,2842,398,2026-02-26
459,475,423,2025-07-06
460,325,798,2025-08-04
461,2156,154,2025-08-20
462,2821,232,2025-06-27
463,1593,959,2025-02-02
464,189,798,2025-08-12
465,1165,389,2026-04-06
466,2522,444,2025-04-18
467,501,570,2025-11-15
468,894,692,2026-05-02
469,657,710,2026-03-15
470,2092,261,2026-02-14
471,2815,108,2025-02-12
472,1769,353,2026-04-29
473,869,873,2026-02-17
474,2667,56,2025-08-19
475,2253,818,2025-07-17
476,180,544,2026-06-24
477,1324,214,2026-03-12
478,1003,454,2025-03-26
479,505,581,2025-03-26
480,2476,451,2025-06-20
481,282,946,2025-12-19
482,805,905,2026-04-07
483,2474,891,2026-04-26
484,278,372,2025-05-14
485,2596,291,2025-10-29
486,912,104,2026-05-24
487,2363,208,2025-09-21
488,2969,692,2026-03-02
489,571,852,2026-02-28
490,2629,746,2025-06-03
491,2912,401,2025-03-31
492,536,656,2025-09-25
493,237,924,2025-02-23
494,2221,942,2025-10-29
495,1955,98,2025-11-21
496,2308,18,2026-05-22
497,617,597,2025-05-29
498,1083,569,2026-02-25
499,637,355,2025-02-16
500,2384,346,2025-08-30
501,2719,209,2025-04-16
502,808,153,2026-02-26
503,898,63,2025-06-06
504,370,251,2025-11-17
505,1044,497,2025-01-07
506,207,847,2025-07-26
507,1305,746,2025-04-11
508,1612,427,2026-01-12
509,2374,187,2025-06-20
510,1633,79,2026-03-09
511,1167,355,2026-04-13
512,1539,23,2026-01-05
513,2802,792,2026-04-10
514,2856,88,2025-01-09
515,1589,690,2025-08-06
516,2552,391,2026-05-31
517,1195,562,2026-03-12
518,1991,376,2026-01-28
519,2820,966,2026-03-13
520,2556,247,2026-06-22
521,2021,51,2025-10-18
522,146,411,2025-05-14
523,511,489,2026-05-14
524,2334,855,2025-06-30
525,2910,582,2026-03-09
526,2479,495,2025-07-08
527,388,726,2026-05-03
528,1956,829,2025-12-06
529,487,215,2026-02-21
530,849,196,2026-02-26
531,2408,61,2026-01-05
532,265,216,2025-10-10
533,697,614,2026-06-27
534,111,622,2026-04-22
535,1231,276,2026-04-14
536,851,191,2025-05-23
537,1633,619,2025-12-31
538,1605,506,2025-04-09
539,2932,828,2025-10-16
540,2430,476,2025-03-27
541,846,996,2025-08-21
542,2285,949,2025-09-04
543,336,747,2026-04-21
544,1211,623,2026-06-03
545,1937,919,2026-04-04
546,1130,782,2026-04-13
547,483,963,2025-09-01
548,49,340,2025-02-16
549,515,687,2025-04-10
550,1550,613,2025-11-06
551,208,867,2025-03-09
552,1989,583,2025-08-25
553,2382,491,2025-12-18
554,1094,164,2025-03-20
555,2863,408,2025-05-13
556,1702,870,2026-01-06
557,2605,103,2025-01-20
558,2632,249,2025-08-17
559,1782,332,2025-05-12
560,1684,374,2026-01-09
561,1751,642,2025-04-14
562,810,583,2026-04-20
563,2679,762,2025-10-25
564,2290,141,2026-05-16
565,1868,88,2026-01-17
566,2177,376,2026-02-21
567,1698,911,2025-02-13
568,2470,396,2025-06-19
569,421,125,2025-09-06
570,2095,29,2025-12-31
571,2682,483,2026-03-28
572,169,563,2025-01-14
573,1523,436,2026-03-12
574,1531,166,2025-09-10
575,837,982,2025-07-10
576,2490,363,2026-06-12
577,1030,455,2026-04-29
578,2516,739,2025-04-28
579,605,772,2025-03-18
580,1537,813,2026-03-22
581,2888,996,2026-05-08
582,1899,670,2026-05-16
583,896,446,2026-03-11
584,1906,100,2026-04-28
585,1877,707,2025-06-18
586,2647,124,2025-08-17
587,1750,282,2026-03-17
588,1751,432,2025-02-15
589,2284,407,2025-08-15
590,1663,454,2025-09-05
591,606,529,2025-03-17
592,2955,141,2025-03-05
593,264,550,2026-06-12
594,402,895,2025-11-01
595,945,716,2026-04-21
596,229,223,2026-05-05
597,373,503,2025-04-20
598,1956,997,2025-03-05
599,2379,310,2026-01-19
600,1900,68,2025-05-25
601,1330,99,2026-05-21
602,2589,546,2025-02-01
603,1569,143,2025-09-11
604,480,718,2025-09-27
605,2920,945,2026-03-27
606,762,192,2025-05-12
607,2234,992,2026-03-05
608,454,475,2026-01-05
609,158,165,2025-12-18
610,1742,165,2025-08-07
611,998,498,2025-06-23
612,927,857,2025-07-11
613,420,59,2026-04-30
614,390,367,2026-02-20
615,1350,547,2025-12-17
616,1687,52,2025-06-01
617,2932,818,2025-01-29
618,2063,176,2025-04-14
619,1983,963,2025-06-20
620,165,629,2025-12-05
621,1438,581,2025-02-19
622,2490,96,2026-05-02
623,2299,697,2025-11-17
624,934,844,2025-11-30
625,2685,291,2026-05-17
626,2390,184,2025-03-25
627,1044,448,2026-05-14
628,2134,42,2025-03-16
629,2546,263,2026-02-04
630,1385,133,2025-01-20
631,1736,252,2025-01-19
632,92,562,2025-10-07
633,2402,456,2025-03-22
634,2954,288,2026-01-13
635,952,326,2025-09-08
636,2067,431,2025-06-19
637,1878,401,2025-08-28
638,1427,467,2025-04-09
639,2887,956,2025-05-01
640,1835,913,2026-02-25
641,2388,569,2025-10-22
642,1463,519,2025-08-31
643,847,516,2025-10-19
644,1673,682,2026-04-22
645,1439,681,2025-08-08
646,2234,918,2025-09-10
647,2464,465,2026-04-30
648,1655,264,2025-10-15
649,1128,485,2025-02-26
650,1358,919,2025-01-05
651,583,828,2025-12-30
652,2155,425,2025-10-12
653,920,882,2026-02-04
654,1020,104,2025-09-22
655,1196,217,2025-07-14
656,299,819,2025-03-19
657,677,640,2026-02-11
658,1982,53,2025-10-15
659,617,474,2025-08-13
660,1407,88,2025-03-22
661,759,765,2025-08-08
662,1060,959,2026-01-25
663,1580,978,2025-12-27
664,1424,272,2025-11-19
665,463,534,2026-04-15
666,418,876,2025-10-19
667,1611,243,2025-07-10
668,168,75,2026-01-23
669,771,648,2025-09-22
670,69,264,2025-01-08
671,2071,318,2026-02-02
672,567,221,2025-06-29
673,1110,169,2026-04-29
674,918,312,2025-09-04
675,1284,495,2025-05-10
676,2229,233,2026-01-06
677,1296,259,2025-09-09
678,2099,590,2025-07-11
679,2909,774,2026-02-15
680,628,805,2025-12-25
681,1899,681,2025-12-29
682,84,859,2025-08-14
683,612,188,2025-02-20
684,1405,841,2025-12-21
685,483,688,2025-07-08
686,517,445,2025-08-10
687,106,359,2025-11-27
688,2239,706,2025-11-23
689,1442,788,2025-10-02
690,1451,421,2025-11-18
691,605,402,2025-12-15
692,1609,300,2026-02-19
693,2098,900,2026-02-18
694,2261,420,2026-06-12
695,1749,718,2025-04-14
696,2735,622,2026-03-08
697,2403,803,2026-02-08
698,2453,379,2026-03-19
699,2269,471,2025-08-25
700,2300,37,2025-07-11
701,994,12,2025-07-30
702,2738,884,2025-11-18
703,2398,140,2025-02-27
704,2583,141,2026-03-21
705,2715,871,2026-03-01
706,1791,584,2025-10-02
707,1912,807,2025-01-24
708,1047,593,2026-05-10
709,2300,119,2025-08-22
710,1240,793,2025-09-18
711,2735,953,2025-11-15
712,592,178,2025-10-22
713,1976,636,2026-01-01
714,278,308,2025-07-23
715,229,926,2025-07-11
716,1117,633,2025-12-08
717,2429,38,2025-01-02
718,1160,861,2025-01-28
719,2362,667,2026-01-24
720,724,976,2025-04-10
721,2273,596,2025-03-18
722,456,9,2025-09-23
723,581,642,2025-12-13
724,685,899,2026-01-29
725,1257,824,2025-05-16
726,1719,787,2025-08-13
727,1335,29,2025-04-03
728,901,201,2026-05-16
729,1854,366,2025-10-20
730,2351,884,2025-03-16
731,2781,553,2025-03-12
732,2711,972,2026-01-29
733,2775,356,2025-03-06
734,596,814,2025-08-11
735,1256,921,2025-07-13
736,566,375,2026-07-05
737,1390,32,2025-04-11
738,1115,551,2025-12-17
739,2169,488,2025-05-24
740,2589,950,2025-05-15
741,779,182,2026-04-09
742,1701,508,2025-03-15
743,1691,299,2025-02-18
744,1232,391,2026-03-24
745,1379,874,2026-05-07
746,2212,894,2025-01-30
747,1700,301,2026-03-25
748,257,352,2025-05-28
749,524,319,2025-08-18
750,1360,14,2025-06-27
751,2822,630,2026-03-12
752,2810,91,2025-04-11
753,883,588,2025-08-16
754,1723,36,2025-09-21
755,270,519,2026-06-13
756,1997,611,2025-05-27
757,629,292,2026-04-20
758,1844,210,2025-06-02
759,1636,651,2026-03-09
760,2965,960,2025-11-14
761,1493,750,2025-10-08
762,2943,320,2026-04-11
763,1030,827,2025-10-17
764,1193,749,2026-06-11
765,2302,188,2026-04-10
766,1790,937,2026-02-21
767,1467,579,2026-02-21
768,1267,721,2025-03-14
769,2298,942,2025-01-24
770,2912,739,2025-10-19
771,1203,806,2026-04-21
772,1163,799,2025-12-12
773,8,670,2026-04-07
774,476,780,2025-06-12
775,324,341,2025-11-28
776,2741,476,2026-05-04
777,1719,562,2026-03-12
778,276,976,2026-04-25
779,1066,251,2025-11-04
780,2823,172,2025-08-08
781,2873,939,2026-04-22
782,984,85,2026-02-20
783,58,970,2025-08-23
784,427,564,2026-04-09
785,947,595,2025-11-13
786,1668,142,2026-01-27
787,676,5,2025-08-15
788,1776,190,2025-02-11
789,1200,650,2026-02-07
790,2640,738,2025-12-12
791,2088,268,2026-06-25
792,2385,295,2025-01-01
793,2907,319,2026-03-05
794,2705,587,2025-08-09
795,2933,886,2026-03-06
796,393,331,2025-02-15
797,1084,414,2025-08-27
798,2782,798,2025-08-14
799,213,775,2025-09-06
800,494,499,2025-10-19
801,2610,955,2025-05-31
802,2621,32,2026-04-15
803,1183,147,2025-12-09
804,808,705,2026-01-09
805,290,804,2025-05-21
806,2954,492,2026-03-27
807,1871,31,2025-12-08
808,2594,191,2025-02-14
809,361,93,2025-04-10
810,2655,812,2026-05-26
811,480,451,2025-04-24
812,2765,730,2025-04-17
813,1565,370,2025-09-04
814,517,853,2025-08-20
815,1864,894,2026-02-27
816,680,677,2026-05-15
817,1342,122,2026-03-05
818,572,815,2025-04-22
819,341,320,2025-01-11
820,2762,428,2025-12-25
821,209,582,2026-06-18
822,951,68,2025-09-04
823,1503,679,2026-02-15
824,1200,6,2025-12-16
825,2352,979,2025-10-28
826,2504,479,2025-10-11
827,2456,732,2025-01-29
828,390,509,2025-11-29
829,2799,857,2025-03-29
830,1671,935,2026-04-24
831,339,111,2025-09-23
832,1081,105,2025-10-17
833,1063,25,2025-08-29
834,2611,795,2025-10-21
835,365,256,2025-05-06
836,980,525,2025-01-05
837,686,38,2025-12-21
838,1721,351,2026-05-17
839,2892,509,2026-01-12
840,1941,811,2025-12-25
841,2031,610,2026-06-18
842,1011,373,2026-06-25
843,856,726,2025-12-29
844,2709,156,2025-04-04
845,2350,195,2026-04-15
846,697,590,2025-11-27
847,325,192,2025-03-17
848,943,566,2025-10-04
849,2913,697,2025-11-21
850,583,984,2025-01-11
851,1140,568,2025-11-13
852,1959,451,2025-07-19
853,2969,77,2026-02-25
854,2444,897,2026-02-19
855,2604,621,2025-04-22
856,2860,934,2025-12-07
857,1990,141,2025-10-23
858,2776,692,2025-03-18
859,671,506,2025-03-13
860,2830,108,2026-01-09
861,2897,158,2025-01-23
862,1273,867,2025-07-01
863,720,238,2026-04-16
864,956,666,2025-01-11
865,1459,926,2026-07-04
866,1237,504,2025-07-29
867,707,779,2025-08-15
868,472,946,2025-01-18
869,2341,917,2025-10-28
870,849,299,2026-04-02
871,1852,736,2025-04-20
872,2539,317,2025-03-14
873,1607,479,2026-01-09
874,252,800,2026-03-07
875,2430,895,2025-09-18
876,640,77,2025-10-23
877,935,250,2025-02-20
878,444,89,2025-10-04
879,713,81,2025-07-28
880,61,515,2025-05-17
881,2084,779,2025-04-08
882,631,960,2026-03-24
883,2684,925,2025-03-04
884,1755,486,2025-09-14
885,1707,971,2025-10-19
886,216,79,2026-06-29
887,1071,718,2025-07-28
888,1721,476,2025-05-10
889,2996,742,2025-06-17
890,1776,474,2025-09-10
891,1270,315,2025-07-16
892,2930,312,2025-02-23
893,1692,708,2025-06-08
894,1320,786,2025-02-16
895,1759,687,2025-12-20
896,64,447,2026-05-22
897,2891,75,2025-11-29
898,1797,991,2026-07-03
899,48,17,2025-10-03
900,669,897,2025-09-28
901,2096,30,2026-05-07
902,1188,68,2026-01-10
903,1308,296,2025-06-07
904,2171,589,2026-01-25
905,825,911,2026-01-19
906,422,824,2025-07-21
907,761,101,2025-09-11
908,2062,258,2025-04-19
909,1477,219,2025-10-30
910,2671,156,2025-12-10
911,214,904,2025-07-21
912,1088,464,2026-06-27
913,372,496,2025-08-30
914,634,262,2025-03-13
915,2568,395,2026-01-22
916,1467,373,2026-02-10
917,767,16,2025-06-05
918,1577,331,2026-04-21
919,674,652,2025-11-11
920,2765,379,2025-02-12
921,524,173,2025-07-24
922,72,599,2025-05-28
923,1347,919,2025-10-23
924,1260,943,2026-05-29
925,1724,526,2026-02-05
926,1818,983,2025-07-30
927,1356,724,2025-03-14
928,1651,207,2025-06-27
929,2451,449,2025-02-28
930,794,649,2025-01-30
931,2789,584,2025-09-11
932,581,757,2026-02-28
933,810,127,2025-08-14
934,1132,402,2025-07-28
935,1097,889,2026-06-30
936,1399,109,2025-05-06
937,394,818,2026-05-27
938,2918,460,2026-05-16
939,1790,410,2025-01-21
940,889,835,2025-03-07
941,862,716,2026-04-23
942,171,314,2026-03-31
943,934,870,2025-05-11
944,2990,514,2025-06-18
945,1065,293,2026-03-29
946,793,637,2025-01-03
947,293,584,2025-06-17
948,2584,566,2025-09-23
949,234,90,2025-02-28
950,2631,462,2026-02-07
951,1308,538,2026-04-24
952,905,526,2025-01-23
953,928,208,2025-05-26
954,535,199,2025-01-06
955,1407,613,2025-05-14
956,2180,144,2026-01-26
957,575,375,2025-10-16
958,2009,185,2025-06-06
959,2263,607,2026-07-02
960,237,45,2025-03-12
961,2831,808,2026-03-22
962,1407,986,2026-03-04
963,2299,779,2026-01-10
964,2609,678,2025-08-26
965,2047,771,2026-05-16
966,2371,141,2025-06-15
967,1606,3,2025-10-21
968,1984,277,2025-07-27
969,182,252,2025-11-27
970,2618,352,2025-04-28
971,280,274,2026-02-17
972,771,721,2025-03-07
973,169,391,2026-04-24
974,1179,660,2026-01-06
975,130,839,2025-10-20
976,1423,526,2025-11-20
977,1587,144,2026-05-28
978,507,222,2026-02-12
979,759,927,2025-03-24
980,1614,745,2025-01-22
981,1003,590,2025-01-17
982,2231,454,2025-01-11
983,1510,147,2026-03-12
984,1934,88,2025-06-10
985,498,690,2025-02-16
986,1583,821,2025-08-17
987,2027,742,2026-06-13
988,151,164,2025-04-08
989,1684,460,2026-05-19
990,2702,764,2026-01-02
991,762,534,2025-11-28
992,1667,20,2026-06-30
993,132,48,2026-03-23
994,2097,992,2025-02-17
995,654,231,2025-04-13
996,1961,311,2025-01-25
997,1582,725,2026-04-05
998,1279,543,2025-11-15
999,1490,131,2025-06-22
1000,347,891,2025-04-18
1001,1023,448,2025-02-27
1002,2490,760,2026-05-17
1003,1623,386,2026-03-24
1004,2018,261,2026-01-31
1005,1682,897,2026-06-14
1006,424,714,2025-02-08
1007,1139,626,2025-10-23
1008,2851,167,2025-11-29
1009,1375,5,2026-07-02
1010,2418,34,2025-04-18
1011,873,994,2025-03-29
1012,669,686,2025-04-16
1013,798,676,2025-05-09
1014,2481,92,2025-06-13
1015,532,20,2025-03-08
1016,1930,317,2026-01-05
1017,1415,705,2026-01-25
1018,232,8,2026-02-04
1019,2779,598,2025-09-17
1020,2303,484,2026-05-18
1021,1427,642,2025-12-20
1022,532,632,2026-03-27
1023,1253,396,2026-02-01
1024,368,928,2026-06-06
1025,1488,753,2025-08-12
1026,759,920,2026-01-02
1027,1346,862,2025-05-15
1028,2371,987,2026-05-19
1029,1530,223,2025-06-03
1030,832,610,2026-01-03
1031,341,771,2025-09-28
1032,2798,195,2026-02-18
1033,2761,67,2025-09-25
1034,1433,186,2025-12-20
1035,214,491,2025-01-26
1036,133,230,2025-08-16
1037,2844,635,2026-04-22
1038,2485,945,2026-06-18
1039,1822,217,2026-04-04
1040,1332,778,2025-01-21
1041,1574,701,2026-01-05
1042,512,217,2026-06-14
1043,619,651,2025-04-26
1044,1769,245,2025-02-12
1045,2590,403,2025-10-19
1046,445,554,2025-01-19
1047,1123,61,2025-09-25
1048,41,634,2025-03-08
1049,240,224,2026-02-14
1050,88,689,2026-05-10
1051,2200,749,2025-05-19
1052,1967,103,2025-08-10
1053,2721,462,2025-10-18
1054,90,267,2026-01-10
1055,422,566,2025-08-31
1056,2919,632,2025-05-14
1057,2130,871,2026-04-21
1058,942,528,2026-01-25
1059,1138,340,2025-07-28
1060,1689,918,2026-04-10
1061,2944,830,2026-01-07
1062,2194,593,2026-04-06
1063,1722,126,2025-09-27
1064,91,701,2025-02-08
1065,871,31,2025-08-11
1066,2754,598,2025-05-06
1067,266,212,2026-01-11
1068,1554,212,2026-02-16
1069,1826,830,2025-08-22
1070,2462,575,2026-02-17
1071,1789,58,2025-07-07
1072,2285,277,2026-06-17
1073,521,201,2025-01-02
1074,1100,621,2025-01-07
1075,306,582,2025-12-14
1076,2686,113,2025-08-24
1077,413,454,2025-02-09
1078,163,584,2025-08-14
1079,135,128,2026-05-29
1080,2421,668,2025-04-23
1081,1375,1,2026-04-13
1082,1084,723,2025-04-16
1083,540,254,2025-01-23
1084,2848,349,2025-02-25
1085,2866,349,2025-08-29
1086,861,598,2026-03-30
1087,1937,746,2025-07-28
1088,382,676,2025-04-03
1089,1183,524,2025-07-04
1090,2404,607,2025-01-14
1091,1377,279,2026-04-04
1092,379,417,2025-07-23
1093,672,109,2026-02-24
1094,234,19,2025-10-04
1095,608,297,2025-04-03
1096,1760,74,2026-06-06
1097,713,655,2026-03-12
1098,721,635,2025-12-30
1099,1325,974,2025-01-26
1100,2186,205,2025-10-17
1101,277,450,2025-03-04
1102,250,268,2025-07-25
1103,153,996,2026-05-07
1104,2073,346,2025-02-12
1105,917,385,2025-07-23
1106,2488,801,2025-02-15
1107,1199,357,2025-02-10
1108,1263,624,2026-06-11
1109,2446,332,2025-07-12
1110,1296,776,2026-05-12
1111,2974,109,2025-11-09
1112,503,250,2025-08-26
1113,1921,979,2026-05-12
1114,2519,203,2026-02-25
1115,1290,380,2025-05-03
1116,477,273,2025-01-10
1117,680,518,2025-07-17
1118,213,954,2025-09-09
1119,2588,108,2025-05-22
1120,2525,670,2025-12-12
1121,1577,748,2025-11-28
1122,2281,577,2025-12-16
1123,2222,33,2025-04-14
1124,1433,815,2026-02-22
1125,207,772,2025-11-23
1126,2649,100,2025-08-29
1127,2154,748,2025-06-02
1128,2179,216,2025-06-10
1129,1160,517,2025-09-19
1130,1529,737,2025-11-20
1131,2522,351,2025-04-25
1132,477,60,2026-02-18
1133,2138,995,2026-01-01
1134,193,24,2025-07-21
1135,2651,560,2025-06-26
1136,846,567,2025-11-17
1137,1266,666,2025-12-27
1138,1156,930,2025-04-17
1139,1864,249,2025-06-19
1140,983,357,2025-11-28
1141,1065,71,2025-09-20
1142,6,131,2025-04-15
1143,2723,726,2026-02-11
1144,2656,4,2025-08-23
1145,2959,799,2026-02-11
1146,1543,232,2026-06-15
1147,2729,746,2025-08-11
1148,2495,822,2025-09-20
1149,2373,942,2025-07-08
1150,1049,755,2025-05-19
1151,2897,222,2025-07-23
1152,2479,593,2025-01-12
1153,65,205,2026-04-30
1154,1230,816,2025-09-16
1155,1254,385,2025-07-26
1156,829,485,2026-04-06
1157,852,76,2025-02-06
1158,43,549,2026-04-10
1159,1599,552,2025-03-02
1160,2604,134,2025-06-12
1161,2051,310,2025-04-30
1162,2902,503,2025-09-10
1163,857,4,2025-11-08
1164,84,831,2025-08-16
1165,1379,358,2026-01-08
1166,1412,909,2026-01-05
1167,976,294,2025-02-04
1168,210,712,2025-11-12
1169,1305,858,2025-01-29
1170,1606,395,2026-06-03
1171,399,411,2025-01-17
1172,1341,748,2025-07-19
1173,1121,328,2025-11-13
1174,1749,626,2025-05-15
1175,391,589,2025-11-20
1176,2709,118,2026-01-14
1177,2206,61,2026-06-06
1178,1102,28,2026-04-11
1179,46,481,2025-04-09
1180,2314,60,2025-12-21
1181,1632,65,2025-10-07
1182,2243,228,2025-12-18
1183,2153,108,2025-04-28
1184,1144,241,2025-03-09
1185,2727,415,2026-05-05
1186,2193,397,2025-02-12
1187,1727,605,2025-10-15
1188,2962,426,2025-04-28
1189,1224,164,2025-02-21
1190,1723,281,2025-01-25
1191,2102,367,2026-06-02
1192,2181,314,2026-03-11
1193,427,774,2025-12-05
1194,1988,912,2025-07-30
1195,218,304,2025-12-29
1196,105,692,2025-08-29
1197,875,540,2025-03-25
1198,882,837,2025-11-13
1199,2239,409,2025-02-07
1200,1480,942,2026-02-05
1201,117,605,2025-02-21
1202,1392,713,2025-10-05
1203,39,757,2025-04-21
1204,2117,971,2025-11-17
1205,883,87,2026-01-13
1206,2096,770,2025-07-22
1207,1801,351,2025-02-25
1208,2318,125,2026-07-02
1209,1461,692,2026-07-03
1210,969,9,2026-03-10
1211,1664,870,2026-02-26
1212,1609,720,2025-09-14
1213,2401,261,2025-03-22
1214,880,173,2025-05-09
1215,2712,674,2025-06-18
1216,1593,179,2026-04-23
1217,1979,533,2025-02-22
1218,2702,673,2025-06-09
1219,1841,674,2026-02-08
1220,1066,631,2025-06-19
1221,1091,477,2025-06-27
1222,1094,509,2026-04-03
1223,2561,6,2025-04-04
1224,2979,628,2025-08-26
1225,1247,62,2025-09-30
1226,2117,607,2025-12-24
1227,878,453,2026-04-14
1228,836,453,2025-11-09
1229,1443,484,2025-06-29
1230,2761,448,2026-01-30
1231,2412,455,2025-10-23
1232,2212,210,2025-10-23
1233,222,672,2025-08-27
1234,1340,362,2025-05-27
1235,417,351,2025-01-05
1236,573,113,2025-06-30
1237,1868,914,2026-05-02
1238,2996,375,2025-08-09
1239,811,355,2026-03-15
1240,2971,832,2025-12-03
1241,134,38,2025-04-11
1242,1576,23,2025-01-27
1243,827,287,2025-09-08
1244,2134,301,2025-06-30
1245,1688,645,2025-12-11
1246,2455,664,2025-07-16
1247,1210,692,2025-04-30
1248,1273,497,2025-12-19
1249,295,374,2025-04-28
1250,1486,513,2026-02-13
1251,1230,792,2026-04-13
1252,2583,471,2025-03-17
1253,2066,189,2025-05-22
1254,2579,798,2025-11-30
1255,2852,573,2025-08-29
1256,1034,767,2025-05-10
1257,2481,7,2025-01-16
1258,2211,361,2025-12-25
1259,965,366,2025-05-08
1260,2198,799,2026-02-13
1261,806,50,2026-01-10
1262,2824,175,2025-06-16
1263,2628,427,2025-07-12
1264,2880,420,2025-09-06
1265,2152,364,2025-12-28
1266,700,533,2025-12-24
1267,1581,372,2026-05-15
1268,1819,625,2025-03-16
1269,1699,856,2025-01-27
1270,2207,588,2025-06-08
1271,40,923,2025-02-18
1272,564,206,2025-05-19
1273,127,539,2025-04-02
1274,442,895,2025-10-01
1275,2441,261,2025-11-03
1276,113,295,2026-06-02
1277,1274,194,2025-12-12
1278,875,654,2025-11-20
1279,1171,698,2026-06-15
1280,364,915,2026-04-30
1281,561,834,2025-02-03
1282,403,99,2026-03-08
1283,1205,65,2025-06-16
1284,2297,319,2025-07-27
1285,2550,111,2025-03-16
1286,284,270,2025-05-23
1287,1929,532,2025-05-25
1288,920,364,2026-01-12
1289,2047,258,2025-06-30
1290,417,38,2025-08-31
1291,1982,548,2026-03-13
1292,2029,980,2026-03-30
1293,239,911,2026-03-11
1294,2259,911,2025-10-21
1295,676,186,2026-04-11
1296,934,8,2025-01-10
1297,728,784,2025-03-16
1298,2815,572,2026-04-20
1299,2828,834,2025-08-10
1300,2803,282,2026-02-01
1301,763,516,2025-12-15
1302,2587,558,2025-09-03
1303,480,239,2025-10-11
1304,2160,63,2026-02-04
1305,2244,442,2026-03-26
1306,174,602,2026-04-09
1307,796,156,2025-09-27
1308,2867,378,2025-04-27
1309,724,893,2025-10-02
1310,1549,744,2026-06-24
1311,1317,967,2026-03-25
1312,2892,132,2025-07-19
1313,884,864,2025-05-04
1314,2089,964,2026-05-04
1315,1884,787,2025-06-08
1316,441,777,2025-07-25
1317,264,839,2025-04-09
1318,341,842,2025-04-15
1319,167,211,2026-03-18
1320,2234,43,2026-02-13
1321,2049,169,2025-11-08
1322,1999,924,2025-07-20
1323,440,890,2025-05-19
1324,1520,277,2025-10-30
1325,238,288,2026-06-20
1326,1084,39,2026-05-16
1327,1884,154,2026-05-30
1328,797,984,2026-06-10
1329,2521,279,2026-06-14
1330,1609,413,2025-02-04
1331,1123,975,2025-02-06
1332,350,916,2025-11-20
1333,2909,694,2025-07-02
1334,2827,985,2026-01-22
1335,2436,480,2025-03-02
1336,1790,456,2025-06-25
1337,1233,781,2025-06-01
1338,225,191,2025-05-08
1339,2684,759,2025-06-19
1340,2400,168,2026-05-09
1341,2105,478,2026-05-11
1342,2441,437,2026-05-16
1343,1224,76,2026-03-03
1344,2802,634,2025-03-13
1345,752,911,2025-01-22
1346,368,960,2025-01-17
1347,519,448,2025-09-08
1348,2095,875,2025-04-15
1349,1130,900,2026-02-02
1350,1198,554,2025-06-13
1351,623,160,2025-11-29
1352,609,215,2025-06-26
1353,700,345,2026-03-19
1354,1006,122,2026-03-07
1355,561,511,2026-03-02
1356,523,939,2025-01-27
1357,1150,294,2026-06-02
1358,2200,590,2025-10-10
1359,1462,998,2026-06-02
1360,2685,104,2025-04-16
1361,2353,503,2025-01-09
1362,897,968,2025-11-03
1363,2632,438,2025-03-01
1364,1577,110,2025-11-14
1365,1367,350,2026-06-27
1366,2450,711,2026-05-17
1367,1874,344,2025-02-16
1368,158,731,2025-10-30
1369,691,897,2026-01-05
1370,2383,72,2025-03-21
1371,603,196,2025-10-16
1372,1065,88,2026-03-23
1373,1704,430,2025-02-07
1374,737,294,2026-03-18
1375,74,157,2025-01-09
1376,2199,92,2026-04-06
1377,1457,648,2025-09-12
1378,1510,17,2025-11-08
1379,2938,571,2025-11-14
1380,2673,935,2026-05-18
1381,1203,237,2025-12-30
1382,946,977,2025-02-20
1383,2510,543,2025-10-09
1384,312,122,2026-06-29
1385,262,308,2025-11-06
1386,193,808,2025-08-17
1387,1237,958,2025-10-09
1388,2897,809,2025-01-20
1389,396,776,2026-06-19
1390,995,65,2026-05-25
1391,1700,723,2025-08-05
1392,1997,470,2026-04-25
1393,622,371,2025-02-21
1394,2788,609,2025-11-21
1395,558,165,2025-09-02
1396,2590,586,2025-11-25
1397,987,504,2025-02-11
1398,178,546,2026-01-29
1399,1252,811,2025-06-22
1400,655,154,2026-04-15
1401,1662,866,2025-03-23
1402,2435,657,2026-05-25
1403,2220,760,2026-03-12
1404,1681,354,2025-09-18
1405,2126,865,2026-03-23
1406,1356,470,2025-02-27
1407,2439,625,2025-12-27
1408,595,470,2026-04-16
1409,2919,605,2025-11-30
1410,26,358,2025-12-12
1411,844,394,2025-06-13
1412,1665,244,2025-10-17
1413,2392,663,2025-12-12
1414,1871,38,2025-10-08
1415,2332,260,2025-01-06
1416,2639,383,2025-03-09
1417,2288,78,2025-03-10
1418,45,293,2025-07-26
1419,2370,936,2026-06-30
1420,2297,966,2025-07-01
1421,1402,715,2025-09-28
1422,1794,227,2025-08-02
1423,2240,178,2025-06-08
1424,1116,685,2025-05-03
1425,2045,651,2026-03-28
1426,653,202,2025-07-25
1427,1213,956,2025-10-05
1428,1194,273,2025-08-17
1429,106,690,2026-01-11
1430,529,71,2025-06-23
1431,2514,491,2025-08-20
1432,1713,681,2025-11-04
1433,310,711,2026-01-20
1434,263,989,2026-06-15
1435,1551,15,2026-06-02
1436,2473,588,2025-07-12
1437,1576,935,2026-04-13
1438,2678,158,2025-10-30
1439,2373,598,2026-06-30
1440,253,388,2025-08-02
1441,2814,526,2025-06-14
1442,204,388,2025-09-21
1443,2885,618,2025-09-16
1444,1283,105,2025-04-12
1445,116,98,2026-06-12
1446,451,956,2026-06-16
1447,2530,690,2025-03-03
1448,2916,415,2025-12-14
1449,1999,576,2025-03-21
1450,1671,797,2026-06-26
1451,264,397,2025-09-04
1452,1753,569,2026-02-15
1453,2078,67,2026-04-07
1454,507,369,2025-12-02
1455,584,991,2026-01-11
1456,798,448,2025-11-21
1457,79,723,2025-10-22
1458,622,400,2025-09-13
1459,2351,608,2025-05-21
1460,712,451,2025-08-19
1461,477,105,2025-01-24
1462,401,86,2026-01-23
1463,2575,485,2025-12-26
1464,1953,548,2025-02-08
1465,1056,574,2025-05-29
1466,849,417,2025-11-18
1467,1180,996,2025-04-01
1468,1523,520,2026-07-05
1469,290,34,2025-07-30
1470,1343,462,2025-06-11
1471,269,666,2025-09-19
1472,517,485,2026-01-09
1473,2327,197,2026-01-21
1474,400,384,2025-12-24
1475,1892,487,2025-12-12
1476,653,546,2025-02-10
1477,730,975,2025-04-22
1478,975,211,2025-03-29
1479,645,452,2025-10-18
1480,1173,364,2025-08-30
1481,147,943,2025-09-24
1482,733,926,2025-12-19
1483,2037,652,2025-02-06
1484,2481,141,2026-03-19
1485,2192,608,2025-05-13
1486,686,351,2026-03-24
1487,2067,661,2025-10-03
1488,2487,604,2026-05-19
1489,703,842,2025-08-15
1490,1340,67,2025-02-07
1491,1739,360,2025-08-08
1492,1849,506,2026-03-01
1493,619,919,2025-11-29
1494,2773,880,2025-07-02
1495,2512,861,2025-06-02
1496,252,859,2025-09-21
1497,807,290,2025-06-25
1498,1934,859,2026-02-02
1499,496,768,2026-01-27
1500,2146,178,2025-08-02
1501,2374,740,2025-01-25
1502,461,525,2026-03-02
1503,1276,450,2026-04-27
1504,971,728,2026-06-09
1505,1379,136,2026-05-17
1506,2557,237,2025-07-22
1507,2021,525,2025-07-07
1508,447,809,2025-05-19
1509,320,826,2025-12-08
1510,1373,236,2025-04-17
1511,2352,966,2025-10-17
1512,821,353,2025-02-11
1513,1944,258,2025-03-23
1514,2947,271,2025-01-09
1515,2470,694,2025-10-17
1516,2496,194,2025-09-03
1517,1500,219,2025-06-05
1518,1550,541,2026-04-28
1519,804,92,2026-02-26
1520,1373,304,2026-04-19
1521,474,914,2025-11-09
1522,310,971,2026-06-18
1523,2697,957,2025-04-25
1524,1713,649,2025-06-30
1525,779,821,2026-03-27
1526,1098,52,2025-01-26
1527,2234,278,2025-11-21
1528,1840,508,2026-05-02
1529,1318,516,2025-06-17
1530,419,678,2026-03-27
1531,391,1,2026-04-11
1532,2464,667,2026-07-03
1533,1952,837,2025-04-19
1534,2663,162,2025-12-11
1535,798,512,2026-05-05
1536,1371,586,2025-12-11
1537,2818,36,2026-02-11
1538,285,848,2025-07-03
1539,2479,811,2025-12-09
1540,1796,345,2025-08-07
1541,806,818,2025-07-05
1542,851,266,2025-12-18
1543,816,800,2025-08-06
1544,106,669,2025-11-21
1545,632,574,2026-06-30
1546,1934,1,2026-02-05
1547,2289,781,2026-02-19
1548,2198,913,2026-03-08
1549,485,452,2025-02-06
1550,84,752,2026-06-20
1551,2120,210,2025-08-06
1552,1687,361,2025-04-09
1553,203,7,2025-07-24
1554,2715,811,2026-01-04
1555,2659,419,2025-01-14
1556,375,185,2025-02-09
1557,752,595,2026-02-10
1558,886,796,2025-12-10
1559,2404,638,2025-11-11
1560,2342,908,2025-07-26
1561,2305,433,2025-12-21
1562,2855,629,2026-01-06
1563,2492,883,2025-06-27
1564,968,932,2026-03-04
1565,2336,588,2026-05-09
1566,837,637,2026-03-24
1567,344,578,2026-01-22
1568,934,712,2025-02-10
1569,1307,103,2025-02-01
1570,693,7,2025-11-25
1571,1732,167,2025-06-26
1572,1015,944,2025-10-24
1573,2974,50,2026-01-29
1574,1931,859,2025-08-15
1575,206,780,2025-08-28
1576,1744,451,2025-09-22
1577,1091,692,2026-04-16
1578,538,901,2025-02-25
1579,2331,35,2025-02-07
1580,1124,272,2025-07-13
1581,305,455,2025-12-28
1582,1962,795,2026-04-10
1583,2317,579,2026-01-18
1584,2431,13,2025-05-11
1585,2340,395,2026-06-14
1586,1261,865,2025-09-08
1587,1279,764,2025-01-03
1588,1488,66,2025-11-22
1589,904,157,2026-02-22
1590,677,733,2025-01-16
1591,2290,720,2025-12-23
1592,1223,17,2025-04-20
1593,522,414,2025-08-08
1594,2760,332,2026-03-17
1595,205,432,2026-03-21
1596,600,510,2025-03-21
1597,894,713,2025-11-29
1598,2774,889,2026-06-03
1599,20,895,2025-11-09
1600,1830,211,2026-01-27
1601,227,867,2025-04-27
1602,479,945,2026-02-16
1603,1579,758,2025-08-11
1604,1911,672,2025-07-05
1605,202,526,2026-02-16
1606,1604,105,2026-04-11
1607,2675,758,2025-05-22
1608,352,611,2026-01-26
1609,2902,849,2026-05-07
1610,1457,495,2026-01-06
1611,1667,774,2025-07-15
1612,1570,404,2026-04-19
1613,1033,340,2025-11-11
1614,591,948,2025-02-12
1615,1172,871,2026-01-02
1616,2257,133,2026-03-04
1617,1363,281,2025-03-26
1618,578,659,2025-03-05
1619,2549,191,2025-09-06
1620,1001,595,2025-05-17
1621,2290,739,2025-10-13
1622,1641,194,2026-02-23
1623,2511,96,2025-05-18
1624,1151,181,2026-01-06
1625,180,828,2025-09-07
1626,594,76,2025-08-22
1627,697,398,2026-05-31
1628,719,729,2026-01-07
1629,1401,439,2025-09-17
1630,2449,623,2026-03-01
1631,1831,137,2025-12-09
1632,2147,250,2026-06-19
1633,2057,49,2025-10-01
1634,2716,692,2025-03-08
1635,1586,226,2026-01-17
1636,2148,668,2025-01-23
1637,2064,357,2025-07-21
1638,2592,114,2025-08-25
1639,1365,416,2025-07-11
1640,745,395,2025-05-02
1641,1327,261,2026-04-02
1642,960,256,2026-04-08
1643,328,308,2025-11-22
1644,2036,535,2025-06-25
1645,2691,588,2025-08-29
1646,2888,509,2025-04-25
1647,704,918,2025-07-30
1648,2155,486,2026-01-06
1649,2396,252,2025-06-26
1650,878,608,2025-03-14
1651,2063,551,2025-03-03
1652,1726,788,2025-03-29
1653,333,139,2026-04-18
1654,2007,146,2025-01-24
1655,1036,198,2025-12-03
1656,2383,268,2025-11-18
1657,2365,996,2025-04-07
1658,2224,661,2025-03-25
1659,2931,951,2025-09-22
1660,1201,20,2026-05-11
1661,2125,738,2026-03-11
1662,1588,327,2026-01-14
1663,1034,236,2025-08-25
1664,979,104,2025-08-18
1665,681,188,2025-02-28
1666,1844,418,2025-04-24
1667,467,149,2026-06-26
1668,1119,967,2026-02-27
1669,1609,972,2025-01-06
1670,94,150,2025-04-07
1671,2064,860,2025-04-09
1672,2985,662,2025-05-10
1673,612,477,2025-12-31
1674,2525,293,2026-06-04
1675,1418,108,2025-12-20
1676,1248,644,2025-10-20
1677,1390,572,2025-05-03
1678,2054,222,2025-01-04
1679,1400,438,2026-03-19
1680,269,841,2026-04-28
1681,2652,494,2025-09-01
1682,2587,930,2025-06-15
1683,2672,586,2026-02-04
1684,172,902,2025-05-06
1685,2211,831,2025-03-27
1686,2712,725,2025-08-28
1687,2808,906,2025-08-15
1688,2037,767,2026-05-14
1689,1160,953,2025-05-08
1690,1366,409,2025-04-30
1691,124,726,2026-05-22
1692,218,548,2025-11-28
1693,1836,212,2026-06-30
1694,1082,699,2025-04-10
1695,1004,943,2026-03-30
1696,2227,154,2025-06-20
1697,1584,396,2026-04-18
1698,2966,590,2025-11-02
1699,1341,393,2026-04-26
1700,2379,87,2025-12-18
1701,1447,446,2025-12-25
1702,1962,905,2026-01-29
1703,1867,904,2025-04-14
1704,2854,433,2026-04-16
1705,929,50,2025-12-24
1706,916,958,2025-11-03
1707,1440,58,2026-04-06
1708,2907,656,2025-10-14
1709,2220,239,2026-06-25
1710,2187,446,2025-04-30
1711,2738,288,2025-12-21
1712,337,117,2025-07-07
1713,731,328,2025-07-01
1714,1501,399,2025-08-01
1715,991,732,2025-05-26
1716,1802,449,2025-08-13
1717,364,87,2026-03-29
1718,201,583,2026-05-11
1719,1420,898,2025-12-22
1720,2005,696,2025-05-22
1721,2321,574,2026-05-19
1722,1079,100,2025-10-27
1723,1626,435,2025-12-10
1724,2118,353,2025-09-08
1725,1939,453,2026-04-05
1726,2879,316,2025-03-11
1727,597,255,2025-09-01
1728,1837,220,2025-09-16
1729,193,408,2025-09-18
1730,2803,612,2026-03-04
1731,1052,901,2026-05-15
1732,2583,640,2025-07-14
1733,1404,533,2025-06-11
1734,581,598,2026-04-13
1735,2673,23,2025-06-01
1736,2159,888,2025-07-05
1737,1417,424,2025-02-18
1738,1523,264,2025-02-26
1739,1195,310,2025-02-25
1740,877,311,2026-04-14
1741,434,940,2025-10-26
1742,2939,974,2026-01-15
1743,1768,233,2025-10-29
1744,2559,909,2025-05-08
1745,911,217,2025-12-06
1746,190,197,2025-08-14
1747,1104,84,2025-01-22
1748,2230,379,2025-04-04
1749,2396,379,2025-01-31
1750,2941,303,2025-11-22
1751,863,569,2025-07-24
1752,2367,452,2025-12-12
1753,536,295,2025-02-09
1754,152,635,2025-12-13
1755,614,931,2026-05-13
1756,2260,16,2025-07-08
1757,2968,864,2026-04-03
1758,319,918,2025-01-01
1759,430,859,2025-06-18
1760,404,774,2026-04-09
1761,2352,402,2026-01-14
1762,319,24,2026-06-10
1763,1635,3,2025-03-19
1764,492,461,2026-04-02
1765,621,558,2026-05-22
1766,2277,973,2025-05-22
1767,2512,825,2026-02-07
1768,2320,524,2025-03-24
1769,2943,79,2026-05-18
1770,42,453,2026-01-03
1771,2400,543,2025-08-06
1772,1871,516,2026-06-01
1773,1358,18,2025-11-27
1774,151,728,2025-01-06
1775,1446,344,2025-12-31
1776,1152,700,2026-03-19
1777,145,934,2026-03-06
1778,58,880,2025-10-11
1779,1186,358,2025-01-23
1780,2468,88,2025-08-17
1781,1024,984,2025-01-26
1782,1904,933,2025-10-11
1783,2613,258,2025-10-14
1784,395,217,2025-08-07
1785,291,669,2025-06-29
1786,874,601,2025-08-10
1787,525,343,2025-12-04
1788,284,897,2025-07-02
1789,1196,746,2025-04-09
1790,563,987,2025-07-04
1791,2238,778,2026-03-17
1792,1317,33,2026-05-07
1793,581,378,2025-07-20
1794,1472,674,2026-04-18
1795,1635,573,2025-04-20
1796,548,276,2026-03-06
1797,1756,573,2026-06-19
1798,2841,122,2025-12-28
1799,2623,288,2026-05-23
1800,2760,775,2025-11-06
1801,362,361,2025-03-12
1802,2000,744,2026-02-07
1803,1051,67,2025-04-22
1804,1323,886,2025-04-10
1805,2123,554,2026-03-22
1806,499,31,2025-12-04
1807,2177,693,2026-06-03
1808,922,478,2025-07-22
1809,2064,950,2025-12-25
1810,1681,651,2026-05-11
1811,2502,540,2025-01-23
1812,951,574,2026-01-02
1813,2578,559,2026-03-28
1814,729,399,2026-04-15
1815,2097,909,2025-11-16
1816,2356,292,2025-01-22
1817,2216,353,2025-03-04
1818,2114,388,2025-01-12
1819,2131,684,2025-12-17
1820,2966,63,2026-04-05
1821,2085,907,2026-04-12
1822,2664,224,2025-02-09
1823,1447,897,2025-08-06
1824,470,871,2026-04-27
1825,1544,610,2025-12-06
1826,315,477,2025-08-23
1827,739,398,2026-04-28
1828,772,223,2025-05-17
1829,1595,748,2025-12-11
1830,366,641,2025-08-07
1831,2922,871,2025-09-14
1832,2238,159,2025-03-07
1833,997,906,2026-06-27
1834,55,120,2025-04-23
1835,2904,760,2026-01-29
1836,112,975,2026-07-04
1837,2707,891,2026-02-09
1838,2378,561,2025-12-22
1839,1799,535,2026-03-18
1840,1056,902,2025-10-16
1841,2335,263,2026-07-03
1842,635,501,2026-07-04
1843,548,272,2025-05-28
1844,1903,653,2025-10-06
1845,597,791,2026-06-08
1846,476,71,2025-03-29
1847,1078,27,2025-11-24
1848,1323,355,2025-08-30
1849,712,968,2026-01-06
1850,2826,788,2025-03-13
1851,305,99,2025-01-31
1852,1529,693,2026-06-02
1853,643,616,2025-03-29
1854,643,619,2025-02-25
1855,1983,726,2025-03-30
1856,1203,80,2025-07-17
1857,1698,534,2025-09-10
1858,1016,94,2025-10-21
1859,2820,910,2025-04-25
1860,1589,782,2025-01-16
1861,330,466,2026-02-25
1862,288,460,2026-01-27
1863,1561,895,2026-05-20
1864,1546,151,2025-05-21
1865,1333,991,2026-06-03
1866,956,912,2025-01-26
1867,1311,949,2025-05-22
1868,858,698,2025-02-16
1869,2458,46,2025-04-19
1870,356,933,2026-05-26
1871,2985,320,2025-06-01
1872,2470,631,2026-07-02
1873,568,302,2026-05-18
1874,553,972,2025-11-25
1875,2651,54,2026-05-26
1876,2380,361,2025-08-08
1877,2468,337,2025-03-11
1878,2903,125,2025-10-24
1879,2978,411,2025-07-31
1880,276,73,2025-10-07
1881,1033,55,2025-04-29
1882,1436,997,2025-08-21
1883,2788,461,2025-12-07
1884,1814,858,2026-07-04
1885,2311,648,2025-12-04
1886,2538,111,2025-04-07
1887,1875,558,2025-01-10
1888,2290,657,2025-12-03
1889,1997,897,2025-12-20
1890,2756,174,2026-01-20
1891,2126,710,2026-02-13
1892,2553,891,2025-02-02
1893,714,583,2026-06-27
1894,873,70,2026-05-11
1895,1391,24,2025-03-11
1896,116,836,2025-04-30
1897,1569,610,2025-04-27
1898,1468,75,2025-05-18
1899,1173,624,2025-07-02
1900,2623,109,2025-03-08
1901,2226,95,2025-06-22
1902,2290,837,2025-02-22
1903,2734,463,2025-11-15
1904,2424,995,2025-10-25
1905,2749,182,2025-03-17
1906,662,767,2026-04-20
1907,1559,23,2025-03-29
1908,2928,1,2025-02-12
1909,1394,539,2025-07-23
1910,1604,671,2025-05-08
1911,1995,340,2025-05-17
1912,1873,611,2025-06-27
1913,2692,996,2025-04-11
1914,408,980,2025-01-24
1915,2891,182,2026-01-19
1916,2819,758,2025-07-28
1917,1176,141,2025-07-21
1918,1941,310,2025-10-24
1919,522,602,2026-04-23
1920,1916,291,2025-02-06
1921,2878,451,2026-01-14
1922,2549,771,2025-10-07
1923,92,406,2025-05-19
1924,1705,614,2025-08-27
1925,1539,656,2026-04-11
1926,2826,536,2025-12-19
1927,2556,670,2025-11-27
1928,820,53,2025-01-09
1929,769,480,2025-04-18
1930,1591,496,2025-09-07
1931,2259,514,2026-06-21
1932,2852,122,2025-02-24
1933,2907,222,2025-11-07
1934,2803,143,2025-05-18
1935,1526,345,2026-04-27
1936,2801,836,2026-04-06
1937,2489,332,2025-09-05
1938,363,550,2026-01-29
1939,1814,214,2025-08-12
1940,2787,488,2025-08-04
1941,1889,416,2025-02-28
1942,2347,910,2025-07-02
1943,2645,683,2025-11-14
1944,270,457,2026-03-09
1945,177,315,2025-10-13
1946,784,452,2026-01-04
1947,1277,534,2025-05-19
1948,2928,670,2025-12-17
1949,2463,828,2026-03-11
1950,903,397,2025-05-13
1951,36,101,2026-02-06
1952,1651,207,2026-05-29
1953,2224,754,2026-02-24
1954,10,572,2026-01-08
1955,2598,703,2025-07-20
1956,1031,178,2026-06-09
1957,1937,317,2025-12-31
1958,1636,72,2025-04-06
1959,1754,444,2025-05-18
1960,1782,514,2026-03-15
1961,443,859,2025-08-05
1962,2163,760,2025-06-05
1963,2740,726,2026-06-01
1964,1587,995,2025-01-02
1965,2819,22,2025-02-14
1966,1977,149,2025-12-14
1967,1060,721,2025-07-16
1968,215,877,2026-04-14
1969,2558,570,2025-12-14
1970,1193,293,2025-07-05
1971,1186,988,2025-05-02
1972,778,239,2026-03-07
1973,2315,265,2025-06-05
1974,1586,196,2026-04-03
1975,94,889,2026-01-11
1976,271,56,2025-11-15
1977,1965,265,2026-01-11
1978,2716,58,2026-03-31
1979,2282,602,2026-02-19
1980,1629,891,2026-02-14
1981,957,318,2025-01-17
1982,1896,112,2025-04-16
1983,2968,22,2025-07-03
1984,1158,108,2026-01-30
1985,488,830,2025-04-11
1986,998,120,2026-06-25
1987,2456,270,2025-06-18
1988,1226,926,2026-05-29
1989,1993,543,2025-03-13
1990,2786,628,2025-11-17
1991,2153,126,2025-11-20
1992,1033,311,2026-02-28
1993,1121,12,2025-04-17
1994,1987,384,2025-04-20
1995,2993,617,2025-06-15
1996,1169,553,2026-02-18
1997,2104,553,2025-12-29
1998,2359,804,2025-11-07
1999,1959,349,2025-07-03
2000,121,832,2026-07-05
2001,2184,729,2025-02-12
2002,2288,862,2026-04-21
2003,106,623,2026-05-16
2004,2945,733,2025-01-06
2005,103,58,2025-07-24
2006,2554,67,2025-05-05
2007,1857,933,2025-11-10
2008,317,399,2025-03-06
2009,2061,89,2025-10-04
2010,2294,804,2025-11-16
2011,99,864,2025-06-27
2012,1910,396,2025-10-19
2013,883,525,2026-04-04
2014,2689,733,2025-11-23
2015,1952,229,2025-05-16
2016,2975,981,2026-02-21
2017,884,615,2026-05-04
2018,1738,123,2025-01-24
2019,158,789,2025-09-09
2020,650,211,2025-06-09
2021,680,376,2025-05-13
2022,2624,199,2025-12-24
2023,1750,415,2025-08-18
2024,77,1000,2025-08-01
2025,2375,361,2025-04-07
2026,489,15,2025-06-22
2027,1518,865,2025-11-28
2028,975,531,2025-04-12
2029,2726,148,2025-07-31
2030,1669,392,2025-10-25
2031,2636,311,2026-02-27
2032,2255,63,2025-03-18
2033,47,424,2026-04-08
2034,1498,136,2025-06-05
2035,857,208,2025-09-26
2036,2653,973,2025-12-18
2037,685,779,2025-07-25
2038,2881,293,2025-10-16
2039,420,429,2025-11-16
2040,1187,847,2025-10-11
2041,2124,57,2025-04-15
2042,1798,810,2026-05-06
2043,870,600,2026-02-06
2044,627,523,2025-08-13
2045,1394,876,2026-04-27
2046,2615,847,2026-04-15
2047,974,615,2026-04-19
2048,1535,257,2025-01-19
2049,2670,213,2025-12-13
2050,2457,840,2025-07-15
2051,164,308,2025-08-17
2052,1889,448,2025-11-09
2053,1029,661,2025-12-01
2054,1696,719,2026-04-15
2055,952,150,2025-11-08
2056,30,903,2025-06-10
2057,1517,133,2026-04-14
2058,177,28,2025-09-02
2059,968,729,2025-07-28
2060,2676,285,2026-05-01
2061,1623,46,2025-12-25
2062,1792,594,2025-01-28
2063,1748,639,2025-11-16
2064,2023,302,2025-11-11
2065,186,163,2025-11-17
2066,2864,564,2025-12-13
2067,1349,15,2025-12-16
2068,2120,219,2025-02-28
2069,46,1000,2025-07-05
2070,900,461,2025-04-18
2071,2524,967,2026-06-12
2072,2513,320,2026-03-16
2073,998,443,2025-05-15
2074,2732,928,2025-08-23
2075,2252,776,2025-12-29
2076,223,501,2025-10-26
2077,662,531,2026-05-15
2078,935,45,2025-05-19
2079,1017,858,2026-06-20
2080,2380,637,2026-02-19
2081,650,24,2025-12-26
2082,752,900,2025-08-26
2083,245,546,2025-01-08
2084,1900,317,2025-05-01
2085,1608,803,2025-05-09
2086,1512,46,2026-04-15
2087,9,648,2025-07-29
2088,2780,998,2026-06-21
2089,2299,742,2025-12-21
2090,1200,641,2025-10-15
2091,2499,629,2026-06-19
2092,23,597,2026-02-05
2093,702,69,2026-03-10
2094,176,131,2025-10-24
2095,959,638,2026-01-12
2096,892,797,2025-02-11
2097,571,658,2026-04-26
2098,542,930,2025-05-02
2099,1374,339,2025-04-16
2100,2062,767,2025-01-25
2101,618,681,2026-05-02
2102,76,409,2026-02-27
2103,398,271,2026-02-16
2104,557,675,2025-03-07
2105,283,877,2025-05-31
2106,1470,377,2026-01-30
2107,262,667,2025-03-26
2108,1670,397,2026-04-25
2109,2306,966,2025-11-20
2110,419,877,2025-05-28
2111,1560,404,2025-06-01
2112,2227,328,2025-02-14
2113,1010,39,2025-09-04
2114,2213,60,2025-04-21
2115,903,589,2025-01-18
2116,2672,987,2025-06-13
2117,1162,835,2026-02-07
2118,253,550,2026-05-20
2119,1331,759,2025-04-02
2120,2466,293,2026-01-26
2121,1528,166,2026-06-03
2122,2497,822,2026-05-15
2123,1790,680,2025-07-13
2124,2806,505,2025-04-08
2125,574,276,2025-06-09
2126,2705,730,2026-06-24
2127,2230,584,2025-06-19
2128,1225,84,2025-12-26
2129,835,60,2026-06-20
2130,1763,315,2025-04-02
2131,142,146,2025-01-11
2132,2684,475,2025-05-23
2133,2973,4,2026-06-01
2134,2070,551,2026-03-29
2135,804,730,2025-01-06
2136,1434,136,2025-10-14
2137,1382,487,2026-03-16
2138,1193,588,2025-08-10
2139,2687,489,2025-08-14
2140,1255,520,2025-02-14
2141,1223,565,2026-06-06
2142,2785,465,2025-02-25
2143,2847,750,2026-04-04
2144,2169,84,2025-01-01
2145,356,297,2026-01-12
2146,1821,297,2026-02-06
2147,1811,35,2026-02-07
2148,110,875,2025-04-09
2149,2035,293,2026-04-15
2150,43,278,2026-02-10
2151,683,150,2025-01-04
2152,2082,178,2026-05-01
2153,1183,78,2025-08-25
2154,878,132,2025-01-27
2155,2730,161,2025-10-10
2156,1466,409,2026-06-27
2157,409,192,2026-03-30
2158,2732,262,2026-05-07
2159,1359,342,2025-08-14
2160,1809,655,2026-03-13
2161,1520,251,2025-01-28
2162,887,52,2025-09-23
2163,2830,360,2025-02-13
2164,1809,666,2026-06-10
2165,471,566,2026-03-05
2166,1458,888,2026-03-26
2167,1326,539,2026-03-14
2168,2479,358,2026-04-05
2169,1322,462,2025-01-07
2170,2240,343,2026-02-04
2171,2950,181,2026-04-26
2172,2575,462,2025-07-02
2173,75,751,2026-07-03
2174,1002,172,2026-05-20
2175,1459,441,2026-02-19
2176,2815,231,2026-03-31
2177,1051,884,2026-02-26
2178,1870,163,2025-08-22
2179,1992,396,2025-06-15
2180,1444,520,2025-06-29
2181,2993,238,2026-04-21
2182,2695,291,2026-07-04
2183,2996,330,2025-07-11
2184,1814,167,2025-07-25
2185,2867,835,2025-02-10
2186,33,209,2026-06-18
2187,2652,839,2026-02-14
2188,2166,596,2025-10-21
2189,2687,364,2026-05-27
2190,639,392,2026-03-12
2191,38,242,2025-09-13
2192,406,88,2025-11-23
2193,756,567,2025-01-15
2194,357,467,2025-01-31
2195,786,123,2025-06-25
2196,264,825,2025-11-13
2197,919,443,2025-12-06
2198,493,662,2026-01-04
2199,2040,508,2025-04-18
2200,89,568,2025-03-25
2201,352,217,2026-03-01
2202,2436,475,2026-03-12
2203,2600,552,2025-12-13
2204,1807,185,2025-11-04
2205,1636,361,2026-06-22
2206,794,750,2026-03-18
2207,756,686,2025-10-12
2208,692,716,2025-10-18
2209,2416,840,2026-01-15
2210,1478,652,2026-04-06
2211,2302,165,2026-04-07
2212,2377,216,2025-05-30
2213,1821,81,2026-01-02
2214,1594,625,2025-12-22
2215,668,367,2025-12-25
2216,593,492,2025-10-29
2217,1468,375,2025-08-22
2218,701,342,2025-02-17
2219,2698,197,2025-11-06
2220,1300,333,2025-05-22
2221,1233,8,2025-07-04
2222,422,204,2025-08-20
2223,235,402,2026-02-22
2224,2681,255,2025-05-23
2225,2553,552,2025-07-19
2226,111,440,2025-11-18
2227,2410,914,2025-03-20
2228,2842,121,2025-06-11
2229,2788,998,2026-01-06
2230,1552,300,2025-02-17
2231,1828,487,2025-07-11
2232,2220,802,2026-03-24
2233,1967,137,2025-05-15
2234,124,646,2025-04-17
2235,2587,627,2025-03-05
2236,254,83,2025-07-30
2237,732,385,2025-05-29
2238,453,745,2026-03-28
2239,2527,133,2026-06-01
2240,619,175,2026-01-06
2241,2400,579,2026-06-12
2242,1372,903,2026-05-18
2243,1580,382,2025-10-21
2244,496,320,2025-01-16
2245,1997,35,2025-10-01
2246,2184,992,2025-02-21
2247,1595,375,2025-04-10
2248,2092,823,2026-04-03
2249,2602,258,2025-02-27
2250,1599,902,2026-07-01
2251,488,830,2025-10-17
2252,2620,228,2025-12-03
2253,2080,556,2025-08-06
2254,499,845,2025-06-20
2255,1273,145,2025-07-10
2256,1324,896,2026-04-21
2257,1249,304,2026-06-11
2258,935,539,2025-04-14
2259,2352,546,2026-06-05
2260,971,363,2026-02-28
2261,756,621,2025-03-11
2262,1672,298,2025-11-05
2263,1549,214,2026-02-04
2264,1243,91,2025-12-30
2265,2431,415,2025-01-26
2266,2890,717,2025-06-06
2267,2902,684,2026-06-10
2268,2171,965,2025-05-07
2269,735,185,2026-04-28
2270,1128,570,2025-08-05
2271,1715,361,2026-05-03
2272,871,753,2025-12-05
2273,2309,479,2025-07-27
2274,2215,895,2025-12-05
2275,379,824,2025-02-22
2276,1208,221,2025-02-22
2277,1810,995,2026-04-14
2278,95,166,2025-03-30
2279,2828,189,2026-03-30
2280,2867,529,2025-01-16
2281,1476,882,2026-04-01
2282,1330,875,2025-01-16
2283,2341,847,2026-03-23
2284,993,253,2025-12-19
2285,1281,314,2026-02-18
2286,512,899,2025-02-14
2287,10,173,2025-01-14
2288,1939,984,2025-04-13
2289,716,135,2025-12-29
2290,681,358,2025-12-24
2291,2215,302,2026-06-06
2292,204,830,2025-12-24
2293,1890,681,2026-05-05
2294,695,68,2025-12-28
2295,1319,733,2025-06-28
2296,2726,110,2026-05-07
2297,1630,434,2026-03-29
2298,2900,892,2025-03-22
2299,1133,367,2025-06-06
2300,1632,867,2025-02-19
2301,818,970,2026-03-09
2302,1189,595,2026-03-23
2303,839,473,2025-07-07
2304,620,432,2025-04-29
2305,2960,500,2025-02-18
2306,1563,424,2025-10-04
2307,2410,177,2025-01-13
2308,2510,58,2025-03-28
2309,2165,497,2026-01-11
2310,484,12,2025-10-30
2311,690,587,2025-10-05
2312,1579,643,2025-12-10
2313,2826,804,2026-02-02
2314,416,860,2026-01-26
2315,36,592,2025-01-17
2316,2996,914,2026-04-16
2317,559,959,2025-04-21
2318,106,385,2025-03-22
2319,957,232,2026-03-17
2320,244,305,2025-05-18
2321,1480,294,2026-01-22
2322,2352,916,2025-03-20
2323,2715,551,2026-06-01
2324,776,308,2025-01-02
2325,2353,634,2026-05-17
2326,1338,358,2026-02-22
2327,1018,607,2026-02-11
2328,1480,145,2025-11-09
2329,2589,822,2026-05-17
2330,1174,619,2025-07-10
2331,202,493,2025-07-17
2332,234,492,2025-02-08
2333,783,316,2026-01-30
2334,1654,697,2025-02-12
2335,1687,512,2025-01-19
2336,2724,879,2026-03-21
2337,928,763,2025-09-30
2338,364,938,2026-02-26
2339,1463,105,2026-03-05
2340,1596,214,2026-04-30
2341,2624,668,2025-05-31
2342,1722,882,2025-08-17
2343,310,957,2025-08-17
2344,2283,493,2025-12-18
2345,681,18,2025-03-29
2346,2360,413,2026-05-03
2347,221,704,2026-04-29
2348,2064,57,2025-09-12
2349,1368,842,2025-05-21
2350,1790,47,2026-04-01
2351,1434,873,2025-10-24
2352,1,346,2026-03-12
2353,856,393,2026-01-26
2354,660,258,2026-06-19
2355,1875,545,2025-03-20
2356,2450,616,2025-06-14
2357,210,868,2025-02-07
2358,1199,652,2026-02-02
2359,1587,723,2025-01-30
2360,665,550,2025-01-15
2361,508,585,2025-06-22
2362,766,277,2025-11-07
2363,128,670,2025-12-22
2364,1355,897,2026-06-03
2365,364,656,2025-06-13
2366,1161,692,2026-03-11
2367,2081,768,2025-07-17
2368,2674,155,2025-05-11
2369,178,313,2025-01-29
2370,2077,780,2025-04-08
2371,483,57,2025-12-08
2372,1381,247,2026-06-26
2373,295,427,2025-09-12
2374,1822,370,2025-08-05
2375,2415,538,2025-10-31
2376,1882,779,2025-12-02
2377,2579,96,2026-01-28
2378,1722,451,2025-12-22
2379,166,218,2026-06-05
2380,29,742,2025-10-15
2381,1906,648,2026-03-30
2382,1269,842,2025-08-28
2383,570,470,2025-11-19
2384,1126,919,2025-03-02
2385,687,898,2025-11-19
2386,1175,390,2025-04-04
2387,2173,305,2025-02-12
2388,467,177,2026-06-02
2389,1451,280,2026-07-01
2390,2070,363,2025-01-14
2391,277,29,2025-01-31
2392,2064,940,2026-03-26
2393,2656,962,2025-04-07
2394,123,174,2025-12-03
2395,1367,463,2025-01-13
2396,419,93,2025-06-08
2397,1089,885,2025-03-11
2398,629,311,2026-06-10
2399,695,8,2026-05-14
2400,1048,529,2025-04-29
2401,403,767,2025-05-05
2402,851,501,2025-09-12
2403,615,419,2025-02-21
2404,34,619,2025-03-12
2405,949,131,2025-10-06
2406,959,593,2025-07-06
2407,298,354,2025-10-13
2408,374,753,2025-08-24
2409,2317,266,2026-04-14
2410,1805,167,2025-01-21
2411,1020,515,2025-07-19
2412,395,605,2025-05-22
2413,2543,732,2026-04-13
2414,1598,676,2025-02-07
2415,428,255,2026-01-04
2416,667,650,2026-02-24
2417,2435,540,2025-10-24
2418,1601,696,2025-03-05
2419,2634,144,2026-05-09
2420,2733,764,2026-05-18
2421,2783,541,2026-01-26
2422,96,31,2026-07-04
2423,842,457,2025-03-25
2424,1836,37,2025-06-28
2425,2301,264,2026-04-08
2426,2784,199,2025-11-10
2427,1784,364,2026-04-08
2428,1277,853,2025-09-01
2429,2629,815,2026-04-27
2430,2181,393,2025-12-21
2431,57,551,2025-04-25
2432,518,314,2025-06-09
2433,401,251,2026-04-14
2434,457,850,2025-02-28
2435,63,581,2026-06-29
2436,834,647,2026-04-12
2437,2337,776,2025-03-16
2438,1889,96,2025-09-27
2439,197,463,2026-04-18
2440,988,860,2025-02-13
2441,1499,132,2025-02-09
2442,1514,865,2025-06-05
2443,2864,684,2025-01-15
2444,1150,14,2025-04-15
2445,386,561,2025-01-26
2446,1924,311,2025-09-10
2447,1224,829,2025-01-09
2448,1066,214,2025-02-09
2449,1784,402,2025-06-21
2450,285,398,2025-06-01
2451,363,711,2025-01-01
2452,2122,269,2025-03-24
2453,1836,657,2025-06-27
2454,1396,29,2025-09-19
2455,811,328,2025-01-06
2456,606,538,2025-09-08
2457,1493,662,2025-06-01
2458,929,790,2025-06-04
2459,1505,712,2025-11-13
2460,963,111,2025-08-20
2461,590,388,2025-12-11
2462,2341,5,2025-08-07
2463,2488,996,2025-11-11
2464,631,517,2025-09-30
2465,50,314,2026-06-25
2466,516,587,2025-02-28
2467,98,976,2026-06-23
2468,420,335,2025-09-26
2469,274,221,2025-10-18
2470,611,963,2025-12-31
2471,511,932,2025-07-21
2472,2164,75,2025-12-27
2473,526,905,2025-08-30
2474,2759,165,2025-06-12
2475,652,487,2025-03-03
2476,2636,819,2026-03-04
2477,883,868,2025-11-06
2478,2077,922,2026-03-07
2479,1956,783,2026-06-11
2480,1496,441,2025-01-06
2481,1393,779,2025-04-11
2482,702,372,2025-05-31
2483,1743,46,2026-05-07
2484,2959,776,2026-05-17
2485,2640,359,2026-05-23
2486,2560,702,2025-06-12
2487,1966,162,2025-08-08
2488,2487,270,2026-05-07
2489,1540,923,2025-04-06
2490,2162,750,2026-01-24
2491,2090,484,2026-03-11
2492,678,842,2025-05-18
2493,1150,945,2025-07-14
2494,791,234,2025-03-24
2495,1048,639,2025-09-14
2496,952,278,2025-06-03
2497,2406,95,2026-04-23
2498,2426,821,2025-02-11
2499,2456,893,2025-04-13
2500,271,233,2025-03-08
2501,1259,784,2025-02-27
2502,489,771,2025-01-09
2503,2905,204,2026-06-25
2504,2730,273,2025-06-14
2505,2095,753,2025-06-22
2506,623,188,2026-05-24
2507,892,496,2026-03-13
2508,658,265,2025-01-20
2509,1715,522,2025-02-14
2510,1367,245,2026-07-05
2511,822,965,2025-05-18
2512,1197,892,2026-02-24
2513,1621,588,2025-05-15
2514,1844,314,2026-03-03
2515,2438,440,2026-02-23
2516,865,51,2026-03-25
2517,2762,641,2025-06-23
2518,1187,889,2026-02-18
2519,907,790,2025-07-16
2520,2214,65,2026-05-01
2521,927,408,2026-05-28
2522,1212,687,2026-05-09
2523,490,711,2025-07-31
2524,643,217,2025-01-29
2525,1748,468,2025-04-17
2526,354,606,2025-01-25
2527,991,813,2025-03-12
2528,1522,492,2026-03-30
2529,2515,490,2025-10-01
2530,267,669,2026-03-30
2531,2005,219,2025-06-27
2532,2863,362,2026-01-01
2533,2057,459,2025-01-09
2534,1749,466,2025-05-25
2535,1317,729,2025-06-01
2536,79,613,2025-07-03
2537,1201,8,2025-04-07
2538,367,140,2026-02-14
2539,2756,926,2026-01-03
2540,2414,931,2025-01-07
2541,1462,986,2026-03-13
2542,2868,210,2025-10-02
2543,2698,779,2025-11-14
2544,302,482,2026-02-18
2545,873,807,2025-05-05
2546,1850,710,2025-02-09
2547,2743,40,2025-05-13
2548,2798,692,2025-02-03
2549,1678,727,2025-08-07
2550,990,195,2025-06-15
2551,1987,344,2025-02-25
2552,1670,347,2025-06-28
2553,2957,559,2025-11-07
2554,1809,847,2025-02-03
2555,1811,232,2026-07-02
2556,2035,447,2025-10-06
2557,2668,940,2025-09-29
2558,559,192,2026-02-17
2559,1138,180,2025-09-28
2560,1760,116,2025-02-04
2561,458,511,2026-07-04
2562,941,778,2025-02-05
2563,871,213,2025-09-09
2564,2121,222,2026-03-09
2565,587,578,2025-05-03
2566,2306,953,2025-04-16
2567,2499,941,2025-08-31
2568,2024,12,2026-02-01
2569,1786,667,2025-02-23
2570,885,388,2026-04-26
2571,2217,715,2026-05-05
2572,2358,543,2025-07-30
2573,1388,183,2025-11-07
2574,407,727,2025-12-13
2575,2207,212,2025-01-17
2576,2209,649,2026-02-12
2577,742,564,2025-05-29
2578,678,580,2025-04-23
2579,2084,448,2025-05-06
2580,2716,633,2025-02-11
2581,2586,225,2025-03-23
2582,1689,471,2026-05-12
2583,2290,106,2025-09-11
2584,1507,722,2026-01-12
2585,1001,385,2026-02-25
2586,374,673,2025-01-07
2587,1008,44,2025-04-15
2588,2245,57,2025-10-22
2589,1695,382,2025-04-13
2590,1972,5,2026-01-09
2591,1654,363,2025-07-26
2592,382,105,2025-04-28
2593,2376,823,2025-07-16
2594,2516,959,2025-01-28
2595,1701,680,2026-06-18
2596,1587,118,2026-03-27
2597,1137,646,2026-02-03
2598,37,388,2025-08-21
2599,1047,482,2025-06-17
2600,60,33,2025-01-08
2601,670,525,2026-01-30
2602,2249,976,2026-02-08
2603,2212,286,2025-09-22
2604,2081,747,2025-07-09
2605,2125,888,2025-01-07
2606,1048,540,2026-02-02
2607,2280,223,2025-04-02
2608,640,61,2025-09-01
2609,1090,525,2026-06-04
2610,1989,994,2025-07-10
2611,1368,276,2026-02-02
2612,285,667,2025-02-08
2613,309,786,2025-02-22
2614,2464,668,2025-02-21
2615,2008,307,2026-01-14
2616,32,92,2025-02-04
2617,1868,556,2025-09-18
2618,2939,614,2025-06-10
2619,636,460,2025-02-19
2620,1302,47,2025-09-29
2621,1053,27,2026-02-27
2622,2155,912,2025-07-18
2623,709,528,2025-04-14
2624,1727,224,2026-01-07
2625,1197,916,2025-02-20
2626,2036,160,2026-05-22
2627,2789,347,2025-05-28
2628,2156,560,2025-02-26
2629,2949,837,2025-08-13
2630,1268,256,2026-01-13
2631,2497,187,2026-05-07
2632,1729,560,2026-03-01
2633,1371,742,2026-02-22
2634,374,711,2025-09-02
2635,1551,123,2025-06-18
2636,406,853,2025-12-24
2637,2965,528,2025-03-04
2638,1335,162,2025-07-28
2639,79,381,2025-07-04
2640,1514,936,2025-11-06
2641,1943,990,2025-11-11
2642,2124,898,2026-06-05
2643,1183,918,2025-08-22
2644,1563,307,2026-02-22
2645,1664,639,2025-12-29
2646,2182,991,2025-01-28
2647,157,298,2026-06-16
2648,2375,934,2025-12-23
2649,723,727,2026-04-06
2650,216,481,2025-11-23
2651,2580,586,2026-01-10
2652,890,320,2025-06-26
2653,872,526,2025-07-07
2654,2314,95,2025-10-25
2655,332,801,2025-12-07
2656,2876,142,2025-12-21
2657,2227,342,2025-06-28
2658,2699,158,2025-11-13
2659,1331,967,2025-12-24
2660,1967,703,2025-03-27
2661,2804,201,2025-01-07
2662,2904,637,2026-03-18
2663,2726,290,2025-06-03
2664,2249,40,2026-02-02
2665,1049,748,2025-11-23
2666,357,851,2025-10-01
2667,1490,86,2025-05-01
2668,739,823,2026-06-14
2669,2525,417,2025-11-23
2670,1724,795,2025-11-26
2671,2354,687,2025-11-12
2672,658,502,2025-12-14
2673,1114,446,2025-04-22
2674,2884,914,2025-06-16
2675,2569,695,2025-10-25
2676,2520,776,2025-07-19
2677,2134,381,2025-11-27
2678,2423,632,2025-08-18
2679,2818,685,2026-06-12
2680,1712,157,2025-05-29
2681,1361,198,2025-04-28
2682,1829,456,2025-10-30
2683,2793,33,2025-03-06
2684,1173,54,2026-07-05
2685,1809,194,2026-05-08
2686,1929,238,2025-04-18
2687,2195,269,2025-10-10
2688,1587,501,2025-04-09
2689,2691,118,2025-07-20
2690,2087,903,2025-10-02
2691,2361,823,2025-07-11
2692,1987,332,2025-01-16
2693,692,334,2026-05-30
2694,2206,674,2026-02-18
2695,3000,375,2026-02-07
2696,2733,704,2025-05-10
2697,24,230,2025-06-02
2698,140,534,2026-05-25
2699,2755,543,2025-11-19
2700,152,168,2025-05-23
2701,2551,398,2025-08-29
2702,259,136,2026-05-30
2703,2832,733,2025-01-29
2704,1687,915,2025-12-05
2705,2537,722,2026-03-22
2706,1888,355,2025-02-13
2707,351,873,2025-02-12
2708,1625,479,2025-09-05
2709,1092,381,2026-01-13
2710,903,181,2025-11-11
2711,1237,981,2025-06-16
2712,2141,73,2025-08-30
2713,1866,514,2025-07-14
2714,1580,352,2025-03-29
2715,850,690,2025-09-29
2716,1131,220,2025-05-07
2717,64,779,2025-09-10
2718,591,602,2025-08-30
2719,366,419,2025-03-25
2720,2883,762,2025-12-28
2721,206,312,2025-08-09
2722,259,907,2025-07-11
2723,2424,880,2025-08-14
2724,1794,752,2025-02-25
2725,2520,77,2026-01-03
2726,544,142,2025-08-24
2727,263,531,2026-03-26
2728,1931,696,2025-02-19
2729,181,631,2025-11-30
2730,1653,684,2026-02-25
2731,1913,912,2026-06-12
2732,655,22,2025-01-01
2733,2164,49,2025-05-29
2734,975,928,2025-12-03
2735,1908,530,2025-04-21
2736,566,510,2025-09-26
2737,2882,161,2026-05-14
2738,1203,594,2025-05-17
2739,1044,849,2026-04-05
2740,441,300,2025-02-24
2741,1845,604,2025-10-04
2742,2125,514,2025-07-15
2743,1382,752,2025-01-16
2744,184,723,2025-03-29
2745,1412,348,2025-09-18
2746,517,921,2026-02-14
2747,944,568,2026-06-04
2748,806,577,2025-04-03
2749,155,365,2025-11-20
2750,1460,419,2025-03-14
2751,2342,599,2026-04-26
2752,484,47,2025-05-20
2753,859,8,2025-12-27
2754,462,636,2025-01-20
2755,1240,634,2025-01-04
2756,2206,709,2026-03-11
2757,2911,407,2025-12-29
2758,1797,708,2025-05-24
2759,1863,491,2025-04-18
2760,10,770,2025-02-07
2761,142,862,2026-06-03
2762,1864,295,2025-06-21
2763,1059,777,2026-05-25
2764,1387,220,2025-12-17
2765,2320,947,2025-10-23
2766,1823,834,2026-06-19
2767,2771,586,2026-01-17
2768,1028,377,2026-03-29
2769,2559,346,2025-12-18
2770,1980,193,2025-07-17
2771,2895,221,2026-05-08
2772,1263,46,2026-03-27
2773,859,934,2025-08-28
2774,1110,745,2025-04-06
2775,238,684,2026-06-12
2776,1684,759,2025-12-09
2777,203,7,2025-06-18
2778,394,149,2025-06-04
2779,1292,570,2025-07-20
2780,1623,573,2026-04-16
2781,754,7,2025-06-11
2782,825,781,2025-04-03
2783,1870,242,2026-04-21
2784,620,4,2025-08-13
2785,1299,269,2025-08-16
2786,1391,452,2026-05-08
2787,1970,650,2025-08-17
2788,739,933,2026-02-22
2789,1944,544,2026-05-24
2790,2565,801,2025-07-15
2791,1236,262,2025-07-28
2792,2669,159,2025-07-24
2793,1675,983,2025-03-21
2794,163,809,2025-05-03
2795,1593,647,2025-03-11
2796,4,722,2025-03-14
2797,413,676,2025-09-18
2798,865,444,2025-12-26
2799,667,565,2026-02-28
2800,1065,443,2026-01-31
2801,956,969,2025-12-24
2802,1380,251,2025-01-30
2803,2583,869,2025-07-09
2804,472,403,2025-04-02
2805,437,894,2026-06-23
2806,1662,471,2026-02-27
2807,1624,25,2026-06-06
2808,172,438,2025-04-18
2809,1934,610,2025-05-25
2810,1182,113,2026-06-02
2811,1140,261,2026-03-09
2812,1941,716,2025-08-08
2813,709,27,2025-05-08
2814,2956,634,2025-05-29
2815,2465,43,2025-03-21
2816,152,774,2026-01-06
2817,2781,455,2025-05-04
2818,2217,93,2026-02-21
2819,2213,544,2025-11-07
2820,2468,962,2026-06-21
2821,871,839,2025-06-13
2822,220,37,2025-01-07
2823,1730,421,2025-01-07
2824,2835,727,2026-03-24
2825,2155,204,2025-03-22
2826,2293,398,2026-03-06
2827,868,296,2025-12-02
2828,2664,560,2026-06-17
2829,843,311,2025-03-02
2830,2517,874,2025-08-02
2831,1241,656,2026-01-18
2832,2146,28,2025-08-16
2833,2353,8,2026-04-10
2834,2194,974,2025-04-02
2835,1166,901,2025-01-08
2836,1097,674,2025-02-23
2837,1079,26,2025-08-30
2838,1841,339,2025-01-22
2839,1692,400,2025-06-12
2840,677,14,2025-05-28
2841,722,501,2025-05-14
2842,2671,863,2025-07-03
2843,211,312,2025-06-27
2844,2580,224,2026-04-13
2845,964,745,2025-04-25
2846,2244,763,2026-06-30
2847,863,68,2025-05-01
2848,310,177,2025-06-03
2849,2706,9,2025-10-01
2850,2099,873,2026-02-18
2851,1678,913,2025-05-01
2852,1935,575,2026-02-02
2853,2122,650,2025-07-27
2854,2764,471,2025-06-13
2855,1978,430,2026-04-01
2856,2061,323,2025-08-01
2857,662,435,2026-04-21
2858,1153,347,2025-09-27
2859,1008,190,2025-02-06
2860,1229,134,2025-05-08
2861,2242,842,2025-08-27
2862,1638,81,2025-10-01
2863,2883,901,2026-03-10
2864,1626,202,2026-01-24
2865,1588,132,2025-07-20
2866,2956,978,2025-06-22
2867,168,26,2026-04-23
2868,2532,453,2025-11-23
2869,1104,66,2025-01-18
2870,2558,928,2025-06-11
2871,1339,128,2025-03-02
2872,2858,324,2025-04-11
2873,1753,96,2025-04-16
2874,981,196,2025-05-18
2875,1685,994,2025-07-04
2876,1667,244,2025-02-03
2877,1921,229,2025-04-05
2878,1454,539,2025-11-17
2879,489,335,2026-05-15
2880,1571,935,2025-07-17
2881,1301,754,2026-04-19
2882,1687,183,2025-09-14
2883,1020,86,2026-06-01
2884,1758,368,2025-02-13
2885,556,305,2025-04-24
2886,1760,506,2026-06-19
2887,2002,914,2025-10-15
2888,2462,740,2025-12-11
2889,931,706,2026-03-24
2890,1937,466,2025-04-04
2891,1014,840,2026-05-03
2892,1739,428,2025-08-04
2893,2243,479,2026-03-14
2894,2327,663,2025-02-09
2895,631,986,2026-05-07
2896,161,381,2025-10-30
2897,2552,831,2025-09-20
2898,370,529,2026-02-02
2899,37,39,2026-07-03
2900,605,86,2025-06-21
2901,2519,980,2025-11-24
2902,786,230,2025-06-07
2903,2409,60,2026-03-08
2904,1219,623,2025-08-21
2905,32,719,2025-02-21
2906,170,249,2026-05-11
2907,262,789,2025-12-24
2908,2943,950,2025-11-01
2909,2141,58,2026-06-25
2910,2376,569,2026-04-25
2911,1015,707,2026-02-20
2912,1378,464,2025-06-11
2913,2565,80,2026-02-01
2914,2046,124,2026-04-18
2915,2515,208,2025-08-12
2916,963,243,2026-02-23
2917,1137,741,2025-08-30
2918,2808,181,2025-10-05
2919,1964,170,2025-09-07
2920,245,979,2025-11-28
2921,1373,22,2026-01-15
2922,1996,920,2025-06-14
2923,1735,561,2026-05-22
2924,1610,351,2026-03-07
2925,938,907,2025-10-09
2926,1407,699,2026-03-26
2927,577,16,2025-05-18
2928,55,991,2025-11-20
2929,157,750,2025-09-12
2930,312,176,2026-02-20
2931,2715,266,2026-01-30
2932,1703,658,2026-01-30
2933,779,604,2025-05-03
2934,1772,928,2025-01-10
2935,517,445,2026-02-26
2936,1845,570,2026-01-31
2937,1441,228,2026-01-05
2938,2880,697,2026-06-06
2939,2131,153,2026-01-01
2940,1451,978,2025-06-29
2941,1428,238,2026-02-22
2942,829,715,2025-07-07
2943,2662,102,2025-07-25
2944,2576,406,2026-05-15
2945,380,953,2025-05-15
2946,2719,615,2025-12-08
2947,2632,210,2026-02-17
2948,142,800,2025-08-12
2949,1706,197,2025-04-16
2950,1273,435,2025-01-22
2951,172,259,2025-07-14
2952,589,767,2025-03-31
2953,1852,580,2025-10-28
2954,2821,150,2026-02-09
2955,2893,411,2025-08-23
2956,2430,463,2025-03-03
2957,1218,993,2026-01-16
2958,2184,905,2025-09-12
2959,2455,950,2026-03-16
2960,1895,56,2025-01-04
2961,2786,548,2025-05-04
2962,946,981,2025-04-20
2963,879,728,2026-04-23
2964,1542,689,2025-05-03
2965,2328,346,2025-06-19
2966,2500,939,2025-12-19
2967,2606,965,2025-04-21
2968,642,990,2025-02-22
2969,1390,662,2025-03-16
2970,1849,964,2026-06-08
2971,2747,840,2025-09-26
2972,2528,552,2026-03-31
2973,1617,94,2026-03-21
2974,893,808,2025-04-10
2975,2837,614,2026-07-05
2976,2095,224,2025-08-09
2977,2845,442,2025-09-27
2978,2846,705,2026-03-13
2979,503,497,2025-07-16
2980,1850,674,2026-05-09
2981,1552,305,2025-02-13
2982,1492,890,2025-04-27
2983,2003,292,2025-04-17
2984,713,690,2025-09-07
2985,86,485,2025-10-20
2986,2921,751,2025-01-04
2987,2783,986,2025-08-01
2988,933,776,2026-01-26
2989,1361,645,2025-07-26
2990,1845,462,2025-09-27
2991,280,946,2025-12-16
2992,2975,105,2025-02-07
2993,1981,620,2026-05-14
2994,1552,422,2026-05-15
2995,1541,371,2025-10-03
2996,66,373,2026-01-12
2997,2187,3,2026-04-07
2998,2111,724,2025-11-13
2999,587,588,2025-06-15
3000,2434,794,2025-10-03
3001,467,604,2026-03-13
3002,857,334,2026-02-24
3003,2323,342,2026-05-26
3004,113,965,2025-10-26
3005,2538,347,2026-03-13
3006,325,532,2025-08-08
3007,1920,888,2025-04-16
3008,2936,605,2025-05-02
3009,2927,455,2025-06-16
3010,2458,321,2025-07-05
3011,848,396,2026-03-12
3012,1964,942,2025-01-29
3013,1579,482,2025-01-16
3014,534,138,2025-03-13
3015,736,919,2025-12-06
3016,2323,162,2026-02-04
3017,1979,701,2025-08-30
3018,1110,664,2026-06-23
3019,273,22,2025-05-17
3020,1591,638,2025-04-25
3021,502,16,2025-05-18
3022,2544,735,2025-11-13
3023,959,264,2025-05-28
3024,1028,42,2025-05-08
3025,139,437,2025-11-09
3026,52,199,2025-06-03
3027,498,892,2026-04-03
3028,1564,215,2026-02-01
3029,232,574,2025-07-11
3030,418,926,2025-06-11
3031,1593,874,2025-01-31
3032,1155,578,2025-07-08
3033,1405,950,2026-02-02
3034,2897,646,2026-03-23
3035,78,381,2026-05-11
3036,2603,74,2025-10-09
3037,950,635,2026-01-22
3038,2465,99,2025-09-08
3039,1466,671,2026-05-21
3040,1268,509,2026-01-05
3041,1460,698,2026-03-07
3042,2960,505,2025-05-05
3043,2799,42,2025-12-27
3044,888,704,2025-04-10
3045,108,34,2025-03-04
3046,1990,171,2026-06-18
3047,1645,586,2026-02-24
3048,2631,408,2025-10-01
3049,1905,143,2025-01-27
3050,1556,158,2026-02-09
3051,2562,238,2026-01-17
3052,991,264,2025-09-22
3053,1814,964,2025-05-21
3054,1609,169,2025-08-30
3055,2522,390,2026-06-01
3056,187,892,2026-04-24
3057,2946,675,2025-04-22
3058,1021,789,2025-07-10
3059,2500,341,2026-03-23
3060,1643,617,2025-03-22
3061,334,705,2025-10-29
3062,2426,542,2026-05-23
3063,1048,790,2026-06-08
3064,2935,670,2026-05-24
3065,2364,368,2025-03-09
3066,2031,999,2025-08-20
3067,2286,401,2025-12-01
3068,1866,427,2026-04-17
3069,1633,137,2026-05-19
3070,2172,484,2025-10-24
3071,1069,777,2025-07-06
3072,2195,682,2025-11-30
3073,731,105,2025-05-09
3074,2693,107,2026-03-25
3075,1528,139,2025-11-07
3076,1464,910,2025-12-29
3077,33,269,2025-04-19
3078,711,56,2025-11-25
3079,526,529,2025-05-25
3080,1382,891,2026-03-09
3081,2125,505,2026-04-18
3082,1616,604,2026-02-08
3083,2879,160,2025-09-18
3084,1606,178,2026-06-16
3085,471,8,2025-04-25
3086,2471,883,2025-11-22
3087,2805,905,2025-02-02
3088,481,295,2026-04-26
3089,1122,273,2026-03-31
3090,829,777,2025-01-12
3091,2301,63,2026-02-15
3092,2044,816,2025-10-22
3093,1362,263,2025-11-05
3094,628,640,2025-07-14
3095,2729,218,2026-05-22
3096,1026,849,2026-06-08
3097,2301,495,2025-01-18
3098,760,87,2026-02-03
3099,1198,107,2025-02-10
3100,2638,898,2026-03-12
3101,706,640,2025-04-01
3102,1448,185,2025-05-09
3103,2245,534,2025-08-26
3104,569,298,2025-03-08
3105,1314,431,2025-01-27
3106,2162,582,2025-09-09
3107,108,589,2025-05-06
3108,805,2,2026-02-14
3109,1438,701,2025-05-30
3110,1099,883,2025-11-14
3111,1503,59,2026-01-11
3112,13,795,2026-01-21
3113,179,225,2025-10-14
3114,2600,792,2026-06-15
3115,1036,451,2025-11-28
3116,217,795,2026-03-22
3117,2184,283,2025-10-04
3118,434,848,2025-12-16
3119,1472,105,2026-05-18
3120,180,470,2026-02-11
3121,204,756,2026-01-02
3122,469,283,2025-05-20
3123,2777,264,2025-06-15
3124,18,970,2025-01-20
3125,1446,796,2026-06-08
3126,662,918,2026-01-20
3127,2911,679,2026-07-05
3128,21,876,2025-05-03
3129,253,118,2025-04-27
3130,2445,182,2025-03-26
3131,2774,188,2026-01-12
3132,469,458,2025-06-27
3133,1897,872,2025-03-04
3134,893,719,2026-01-02
3135,2988,210,2025-10-08
3136,1051,4,2025-08-06
3137,2910,764,2025-10-31
3138,756,478,2025-08-12
3139,923,780,2025-12-30
3140,2707,267,2026-03-20
3141,445,604,2025-09-22
3142,609,181,2025-09-06
3143,825,515,2025-04-27
3144,2469,343,2025-01-17
3145,2914,742,2025-06-25
3146,177,624,2026-03-21
3147,819,677,2026-06-02
3148,2043,588,2025-09-12
3149,71,288,2025-09-14
3150,1520,220,2025-09-05
3151,2054,923,2026-06-07
3152,241,962,2025-12-19
3153,1005,544,2026-04-03
3154,2485,861,2026-05-17
3155,1433,570,2025-10-07
3156,2884,813,2025-03-19
3157,2206,410,2025-08-23
3158,548,141,2026-01-11
3159,904,759,2026-05-28
3160,1676,35,2025-08-01
3161,937,951,2026-03-06
3162,712,583,2025-01-31
3163,980,196,2025-03-22
3164,1310,640,2026-06-01
3165,2058,973,2026-03-08
3166,1415,55,2026-03-29
3167,702,198,2025-07-24
3168,1236,270,2025-11-16
3169,2431,334,2025-01-17
3170,1799,882,2025-02-20
3171,750,969,2025-03-03
3172,2481,663,2026-01-05
3173,2356,224,2025-04-23
3174,403,404,2025-08-08
3175,2728,381,2025-06-18
3176,53,830,2025-09-17
3177,1994,292,2025-12-27
3178,1639,815,2025-12-05
3179,2003,395,2025-10-28
3180,1088,322,2026-03-25
3181,2801,92,2026-06-17
3182,2566,996,2026-03-31
3183,2110,956,2025-09-23
3184,2822,822,2025-08-10
3185,2681,162,2026-06-30
3186,691,601,2026-05-30
3187,2450,95,2025-12-13
3188,483,990,2025-05-21
3189,1594,762,2025-05-24
3190,2178,388,2025-08-23
3191,2367,517,2026-04-18
3192,623,871,2025-01-20
3193,2859,1,2026-02-07
3194,2981,750,2026-05-01
3195,865,398,2026-02-21
3196,2150,966,2025-10-27
3197,1113,812,2025-04-02
3198,1326,905,2025-07-17
3199,609,133,2025-09-25
3200,108,605,2025-06-13
3201,1920,406,2026-01-04
3202,1588,41,2025-01-25
3203,875,123,2026-01-13
3204,718,386,2026-06-01
3205,2816,758,2025-08-21
3206,2202,409,2025-11-18
3207,199,141,2025-07-13
3208,2705,485,2025-07-02
3209,1040,556,2025-12-07
3210,1686,266,2026-02-21
3211,269,461,2025-05-11
3212,902,415,2025-11-28
3213,2334,876,2025-06-08
3214,2517,164,2025-07-21
3215,432,611,2026-05-22
3216,1414,159,2026-06-23
3217,1792,567,2025-08-15
3218,2365,371,2026-01-18
3219,2849,217,2025-07-26
3220,2673,510,2026-03-26
3221,1481,117,2025-04-24
3222,1909,353,2025-03-20
3223,395,887,2026-06-14
3224,2303,54,2025-10-02
3225,884,922,2025-05-10
3226,2261,162,2025-05-16
3227,464,723,2025-09-27
3228,2100,571,2025-10-15
3229,925,52,2025-03-04
3230,2895,667,2025-07-31
3231,2976,908,2025-04-11
3232,653,674,2025-04-05
3233,681,100,2025-07-23
3234,8,993,2026-02-03
3235,2959,587,2026-03-31
3236,2580,366,2025-02-20
3237,1253,585,2025-10-11
3238,2219,482,2025-08-21
3239,592,425,2025-08-26
3240,1564,192,2025-11-06
3241,2870,337,2026-02-13
3242,716,768,2025-11-27
3243,382,8,2026-04-20
3244,393,325,2025-10-06
3245,1174,697,2025-08-26
3246,2311,14,2026-04-22
3247,1518,476,2025-10-12
3248,1660,212,2026-02-28
3249,2813,328,2026-07-03
3250,759,111,2025-12-07
3251,570,811,2026-05-30
3252,376,378,2025-11-20
3253,1029,743,2025-03-26
3254,2970,235,2025-04-25
3255,1513,874,2026-02-16
3256,2153,96,2026-06-02
3257,1113,368,2026-05-04
3258,1390,165,2025-12-11
3259,1508,626,2026-05-23
3260,2636,252,2026-01-13
3261,2968,46,2025-03-01
3262,2826,438,2026-03-28
3263,403,318,2025-08-16
3264,1874,947,2025-06-27
3265,2680,720,2025-12-26
3266,1777,115,2026-06-28
3267,192,918,2025-07-20
3268,1654,321,2025-02-26
3269,1341,24,2026-06-10
3270,1467,404,2025-03-31
3271,2765,362,2025-03-07
3272,2449,101,2026-04-17
3273,2852,944,2026-03-20
3274,2527,759,2025-03-01
3275,159,898,2025-09-29
3276,2064,92,2025-05-04
3277,243,694,2025-04-22
3278,508,511,2025-10-26
3279,2650,935,2025-06-04
3280,2241,328,2025-06-05
3281,2994,883,2025-07-04
3282,2178,444,2025-03-31
3283,2628,622,2025-10-19
3284,600,692,2026-02-16
3285,1247,680,2025-04-27
3286,854,94,2025-02-13
3287,832,89,2025-01-28
3288,2525,4,2026-06-08
3289,2107,787,2025-11-20
3290,787,199,2026-04-07
3291,501,232,2026-02-19
3292,2780,99,2026-05-30
3293,167,403,2025-04-15
3294,1063,946,2026-03-04
3295,873,139,2025-01-09
3296,1671,395,2026-04-10
3297,2937,232,2026-03-11
3298,795,95,2025-08-31
3299,59,682,2025-09-13
3300,143,50,2026-05-29
3301,1267,239,2025-09-03
3302,1738,401,2025-02-02
3303,2399,751,2026-05-20
3304,2321,305,2026-04-20
3305,1406,259,2025-06-24
3306,1913,170,2026-01-01
3307,135,187,2025-04-10
3308,682,43,2026-06-24
3309,296,148,2026-03-04
3310,2620,221,2025-08-28
3311,346,453,2025-02-14
3312,2914,135,2025-01-04
3313,2567,400,2025-12-31
3314,2653,349,2026-02-09
3315,1008,363,2025-04-03
3316,2746,397,2025-08-11
3317,2717,171,2026-01-15
3318,1640,307,2025-01-29
3319,1052,690,2026-03-17
3320,2608,179,2025-11-02
3321,900,932,2025-12-18
3322,2559,642,2026-03-21
3323,1032,448,2026-02-08
3324,34,838,2025-10-21
3325,316,344,2026-06-17
3326,646,347,2026-03-06
3327,2741,386,2025-12-14
3328,2539,891,2025-09-23
3329,2477,612,2025-11-02
3330,690,980,2025-05-18
3331,549,375,2026-03-17
3332,2560,889,2025-02-10
3333,2734,673,2025-06-18
3334,2503,164,2025-06-05
3335,982,202,2025-10-27
3336,1875,82,2025-01-29
3337,837,850,2025-08-31
3338,2119,928,2025-05-16
3339,532,494,2025-07-16
3340,2221,956,2025-06-04
3341,283,187,2025-07-25
3342,2339,256,2026-06-22
3343,2712,764,2026-01-17
3344,1321,327,2025-05-17
3345,605,36,2025-04-03
3346,2959,139,2025-10-30
3347,830,136,2025-03-13
3348,2738,403,2026-05-23
3349,2174,338,2025-01-11
3350,1597,468,2026-03-21
3351,427,794,2025-09-05
3352,247,918,2026-05-23
3353,2659,249,2025-04-24
3354,1546,567,2025-07-15
3355,526,228,2026-02-09
3356,2568,578,2026-01-01
3357,2198,58,2025-07-22
3358,2708,646,2025-08-22
3359,2464,947,2026-04-17
3360,930,485,2025-02-27
3361,642,971,2026-02-15
3362,262,320,2025-03-04
3363,935,604,2025-05-04
3364,1333,98,2025-05-07
3365,1495,45,2025-09-26
3366,1601,108,2025-05-07
3367,1254,138,2026-03-25
3368,834,183,2025-01-25
3369,2881,968,2025-04-05
3370,1831,525,2025-05-29
3371,2162,751,2026-01-08
3372,575,403,2026-05-15
3373,872,88,2025-08-01
3374,2330,190,2026-06-06
3375,4,986,2025-10-21
3376,2124,347,2025-06-10
3377,1428,710,2025-03-04
3378,1390,794,2025-08-12
3379,1237,229,2026-05-07
3380,1362,685,2026-02-04
3381,1286,170,2026-06-30
3382,2777,293,2025-03-21
3383,2281,38,2025-07-01
3384,452,506,2025-06-18
3385,1981,973,2025-11-24
3386,162,464,2025-03-07
3387,2519,822,2025-09-24
3388,2249,474,2025-07-01
3389,2880,502,2025-10-19
3390,2089,373,2026-04-08
3391,2272,481,2025-04-02
3392,340,533,2025-06-27
3393,2605,615,2025-11-16
3394,2433,722,2025-10-03
3395,1659,328,2026-01-20
3396,663,941,2025-11-15
3397,2923,152,2025-03-02
3398,83,155,2026-07-04
3399,1577,986,2025-05-04
3400,2887,837,2025-10-18
3401,735,793,2025-09-11
3402,921,74,2025-07-10
3403,80,687,2025-05-15
3404,2019,33,2025-10-07
3405,168,624,2025-07-13
3406,925,808,2026-02-06
3407,741,787,2025-04-04
3408,2944,182,2026-03-07
3409,453,678,2026-06-16
3410,1605,746,2025-11-11
3411,1925,265,2026-01-05
3412,238,378,2025-01-16
3413,2583,189,2025-04-03
3414,2419,714,2025-03-11
3415,2202,823,2025-05-19
3416,81,611,2026-06-25
3417,2541,424,2026-06-29
3418,1992,555,2025-03-03
3419,1724,747,2025-05-28
3420,735,277,2025-04-17
3421,1164,193,2025-03-27
3422,1968,310,2025-05-30
3423,818,241,2025-02-18
3424,2188,586,2026-03-03
3425,1865,800,2025-01-16
3426,1983,971,2026-05-12
3427,796,730,2025-04-02
3428,2430,33,2025-01-23
3429,1298,627,2025-06-13
3430,259,779,2025-06-29
3431,1501,684,2025-07-27
3432,1218,394,2025-02-06
3433,1420,996,2026-02-07
3434,465,307,2025-12-31
3435,554,53,2025-07-21
3436,826,797,2026-05-02
3437,1056,853,2025-09-19
3438,1731,665,2025-10-10
3439,1458,751,2025-11-24
3440,62,266,2025-02-26
3441,2963,298,2025-12-09
3442,1031,515,2025-04-01
3443,2832,269,2025-09-20
3444,2821,803,2025-03-31
3445,1320,371,2026-02-04
3446,85,678,2026-04-02
3447,2312,204,2025-06-11
3448,1639,241,2026-03-21
3449,2743,271,2026-03-09
3450,1769,919,2025-07-24
3451,2862,987,2026-05-12
3452,1591,872,2025-12-30
3453,2314,939,2025-12-26
3454,147,1000,2026-01-07
3455,2861,860,2025-09-09
3456,2180,871,2025-09-25
3457,1026,878,2026-05-23
3458,546,702,2026-03-12
3459,2181,682,2026-05-18
3460,1135,836,2025-04-13
3461,1919,80,2026-01-11
3462,1235,536,2025-07-16
3463,1560,303,2025-06-15
3464,985,998,2025-08-24
3465,423,366,2026-02-24
3466,2435,424,2025-09-22
3467,1379,440,2026-01-23
3468,289,262,2025-11-28
3469,1395,524,2025-05-24
3470,1812,793,2025-05-07
3471,2916,407,2025-03-28
3472,100,243,2025-12-31
3473,2263,680,2025-04-05
3474,363,774,2025-08-21
3475,1354,978,2025-05-05
3476,1367,426,2025-03-13
3477,2243,7,2025-09-23
3478,2419,271,2025-01-12
3479,1647,677,2025-01-09
3480,1890,174,2025-04-13
3481,2685,560,2026-06-16
3482,1099,760,2026-03-31
3483,1685,868,2026-06-03
3484,1844,649,2026-03-30
3485,424,217,2025-02-04
3486,2204,591,2025-07-02
3487,1149,975,2025-11-05
3488,2233,264,2025-08-13
3489,980,947,2026-03-17
3490,355,650,2025-02-09
3491,1555,748,2026-03-08
3492,2801,917,2025-11-10
3493,861,528,2025-01-02
3494,1224,705,2025-08-04
3495,1719,351,2025-10-19
3496,232,428,2025-01-21
3497,1418,321,2026-04-27
3498,248,728,2025-08-21
3499,2682,970,2025-06-19
3500,2937,253,2026-06-26
3501,2400,760,2025-05-14
3502,1505,433,2025-07-02
3503,1062,548,2025-08-17
3504,758,71,2026-05-10
3505,63,55,2025-11-02
3506,946,796,2026-01-25
3507,1181,361,2025-02-22
3508,2685,891,2026-04-24
3509,2983,44,2025-06-20
3510,1236,98,2025-01-14
3511,612,693,2026-03-05
3512,1664,183,2025-10-15
3513,2556,69,2025-06-26
3514,190,583,2026-05-17
3515,2723,883,2025-07-04
3516,1340,473,2026-02-12
3517,2932,368,2025-03-16
3518,2709,585,2025-03-27
3519,2184,475,2026-04-26
3520,2518,90,2025-11-15
3521,1304,647,2026-01-05
3522,518,727,2026-05-05
3523,1353,553,2025-06-23
3524,2816,45,2025-11-29
3525,2362,611,2025-04-05
3526,2375,110,2026-05-17
3527,2119,175,2026-04-22
3528,2194,816,2025-08-14
3529,742,936,2025-02-27
3530,2584,293,2025-03-19
3531,2,27,2025-01-21
3532,1221,847,2025-08-14
3533,2762,587,2025-03-31
3534,108,646,2025-01-02
3535,1481,639,2025-11-04
3536,673,921,2025-02-09
3537,1193,937,2026-04-28
3538,2221,940,2025-10-23
3539,1935,322,2026-01-02
3540,2406,142,2025-11-04
3541,2276,478,2025-08-14
3542,319,946,2025-03-25
3543,990,856,2025-10-29
3544,2516,510,2025-03-20
3545,259,120,2025-06-10
3546,947,365,2025-04-02
3547,2084,778,2026-03-24
3548,810,243,2025-04-18
3549,1982,3,2025-12-26
3550,2736,678,2026-01-07
3551,944,812,2025-11-15
3552,2720,60,2025-10-02
3553,538,606,2025-03-12
3554,1046,247,2025-10-17
3555,2837,322,2025-05-22
3556,2165,308,2026-03-22
3557,1656,672,2026-03-18
3558,554,891,2025-05-28
3559,2685,478,2025-01-19
3560,2267,553,2025-03-22
3561,2999,171,2026-04-09
3562,2676,281,2025-10-31
3563,2467,136,2025-01-05
3564,11,429,2026-04-13
3565,1081,706,2026-02-21
3566,52,358,2025-02-16
3567,316,580,2025-11-07
3568,2415,15,2025-08-06
3569,2251,205,2025-06-14
3570,1764,777,2026-04-09
3571,1935,926,2025-01-10
3572,1026,125,2025-09-16
3573,753,147,2025-01-13
3574,411,706,2025-10-06
3575,2703,434,2026-04-01
3576,2282,535,2026-01-30
3577,820,515,2025-01-16
3578,2086,301,2025-04-19
3579,1541,120,2025-08-07
3580,2115,917,2026-01-22
3581,2039,150,2025-03-18
3582,1517,131,2026-02-11
3583,1059,223,2025-09-14
3584,2579,757,2025-07-25
3585,1042,254,2025-01-23
3586,1912,619,2026-07-02
3587,77,634,2025-02-15
3588,2951,443,2026-06-08
3589,1179,521,2025-09-14
3590,2818,340,2026-05-11
3591,2910,188,2026-06-17
3592,235,14,2025-10-04
3593,639,372,2025-01-10
3594,116,573,2026-05-02
3595,511,893,2025-04-03
3596,817,857,2026-03-31
3597,439,988,2026-03-24
3598,1463,128,2026-02-14
3599,774,258,2025-09-06
3600,2128,12,2025-04-05
3601,1564,773,2026-05-14
3602,1649,854,2025-04-21
3603,472,521,2026-05-24
3604,2894,437,2026-06-10
3605,944,890,2025-11-04
3606,2205,754,2025-08-13
3607,806,861,2026-01-15
3608,615,453,2025-11-27
3609,1246,115,2025-05-01
3610,1326,43,2025-07-03
3611,2,619,2025-07-27
3612,2114,120,2025-07-23
3613,1381,314,2025-05-16
3614,2345,982,2025-09-19
3615,1114,707,2025-01-04
3616,579,273,2025-04-02
3617,2609,629,2025-06-11
3618,1982,483,2025-11-21
3619,588,296,2025-11-27
3620,892,490,2025-06-30
3621,2467,286,2026-05-30
3622,1941,209,2025-01-29
3623,930,884,2026-07-03
3624,2123,743,2026-04-20
3625,143,940,2026-02-12
3626,1136,891,2025-07-24
3627,199,791,2026-01-27
3628,1485,293,2026-05-26
3629,1305,446,2025-03-14
3630,860,659,2025-07-28
3631,1811,373,2026-07-01
3632,2022,228,2025-01-10
3633,1862,154,2025-09-02
3634,930,6,2026-03-31
3635,2914,629,2025-09-03
3636,1158,598,2025-12-25
3637,1747,364,2026-05-23
3638,1443,46,2025-09-24
3639,1398,623,2025-11-30
3640,2432,948,2025-02-01
3641,1012,801,2025-11-16
3642,352,938,2025-05-19
3643,2519,424,2026-02-20
3644,152,279,2025-01-17
3645,1121,631,2025-04-06
3646,1061,612,2025-04-29
3647,287,469,2025-08-23
3648,465,105,2026-04-16
3649,647,637,2026-05-15
3650,653,571,2025-04-28
3651,2336,457,2025-04-04
3652,1295,2,2025-10-19
3653,2331,88,2025-09-05
3654,2483,973,2025-01-22
3655,1724,725,2025-05-13
3656,2964,891,2026-05-04
3657,1050,636,2025-06-20
3658,909,438,2025-12-27
3659,1524,913,2025-12-22
3660,1506,430,2026-05-27
3661,889,340,2025-07-16
3662,2033,235,2025-02-07
3663,1177,535,2026-03-16
3664,2337,153,2025-11-16
3665,2512,529,2025-11-08
3666,313,135,2025-01-08
3667,1927,477,2026-01-21
3668,1105,699,2025-07-14
3669,1130,574,2026-06-19
3670,452,81,2025-08-19
3671,1295,142,2025-07-07
3672,1668,845,2025-10-15
3673,842,67,2026-06-20
3674,1494,833,2026-04-04
3675,481,896,2025-09-22
3676,1786,742,2025-07-15
3677,749,359,2025-05-07
3678,2740,658,2025-07-24
3679,2420,18,2025-08-19
3680,1435,970,2026-07-04
3681,933,373,2026-04-22
3682,118,1000,2025-05-08
3683,300,46,2025-02-21
3684,161,194,2025-01-10
3685,180,916,2025-07-30
3686,2895,562,2026-03-25
3687,157,677,2025-11-23
3688,2729,699,2025-08-20
3689,968,774,2025-01-06
3690,475,392,2026-01-06
3691,1161,664,2025-10-10
3692,2360,870,2026-04-01
3693,172,729,2025-07-22
3694,2337,988,2025-10-10
3695,1786,435,2025-07-26
3696,1913,652,2025-12-12
3697,2907,256,2025-03-31
3698,2103,659,2025-10-19
3699,1713,686,2025-06-26
3700,1846,448,2025-06-09
3701,354,459,2026-05-19
3702,1491,137,2025-08-13
3703,1100,933,2025-12-30
3704,2391,426,2025-10-06
3705,2134,861,2025-01-28
3706,2790,773,2025-04-16
3707,1622,661,2025-09-14
3708,1258,645,2026-02-28
3709,1879,53,2025-08-30
3710,2203,166,2026-03-03
3711,1389,245,2026-03-06
3712,2705,398,2025-12-03
3713,1807,18,2025-04-27
3714,729,819,2025-11-22
3715,3,56,2025-07-26
3716,1095,1000,2025-01-03
3717,1317,375,2025-01-20
3718,2392,797,2026-05-16
3719,2877,277,2025-10-29
3720,1546,240,2025-06-10
3721,1898,740,2025-09-09
3722,1028,380,2026-03-10
3723,2486,179,2025-06-12
3724,2673,451,2025-11-27
3725,1071,454,2026-02-11
3726,1180,851,2025-11-21
3727,2467,784,2025-06-07
3728,1223,503,2026-01-03
3729,2345,112,2025-04-16
3730,2707,948,2025-01-03
3731,2730,974,2025-11-25
3732,472,467,2025-01-06
3733,2512,535,2026-03-13
3734,1611,814,2025-11-04
3735,126,512,2026-05-18
3736,2375,75,2025-01-01
3737,1066,406,2025-02-10
3738,2351,603,2025-02-28
3739,1479,476,2026-06-09
3740,1397,754,2026-07-02
3741,1335,111,2025-10-11
3742,1451,427,2025-06-07
3743,394,859,2025-02-04
3744,1285,577,2026-06-27
3745,2043,288,2026-04-14
3746,843,170,2026-04-05
3747,2785,341,2026-06-18
3748,1863,555,2025-03-07
3749,1435,341,2026-01-06
3750,820,94,2026-05-10
3751,1000,448,2025-03-17
3752,913,494,2025-06-04
3753,2252,322,2025-12-19
3754,784,299,2026-01-25
3755,992,57,2025-07-23
3756,2942,648,2025-05-17
3757,2689,819,2025-05-06
3758,1345,634,2025-06-23
3759,2834,407,2025-03-06
3760,1681,197,2025-07-02
3761,1921,893,2026-02-10
3762,2816,426,2026-06-16
3763,1816,882,2025-08-13
3764,7,791,2025-07-18
3765,1685,934,2025-01-22
3766,2058,116,2025-06-26
3767,1403,229,2026-05-04
3768,483,973,2025-04-13
3769,2202,440,2025-09-08
3770,1344,739,2025-03-28
3771,2562,633,2026-01-12
3772,2181,12,2025-11-26
3773,834,315,2026-03-26
3774,2435,785,2025-07-13
3775,2001,495,2026-03-15
3776,2011,488,2025-04-06
3777,939,833,2025-12-05
3778,1514,318,2025-02-18
3779,902,695,2026-06-20
3780,605,658,2026-01-03
3781,1963,367,2025-04-27
3782,2699,528,2025-12-27
3783,565,685,2026-03-12
3784,466,688,2025-04-11
3785,806,624,2025-07-04
3786,892,244,2026-04-11
3787,2161,1000,2026-04-07
3788,2728,758,2026-01-30
3789,1205,866,2026-06-16
3790,2469,930,2026-01-15
3791,2186,673,2026-02-18
3792,1507,721,2026-01-09
3793,2811,646,2025-04-01
3794,2958,211,2025-01-03
3795,530,911,2026-03-10
3796,2093,664,2025-08-21
3797,903,569,2025-07-31
3798,2826,308,2025-08-20
3799,2206,260,2025-02-13
3800,966,396,2025-06-03
3801,2127,86,2025-02-20
3802,2640,344,2026-04-21
3803,1269,744,2025-06-12
3804,2614,98,2025-01-04
3805,1749,226,2025-07-11
3806,181,690,2026-03-26
3807,1083,871,2025-02-05
3808,931,764,2026-03-28
3809,529,597,2025-06-12
3810,1940,157,2025-07-10
3811,1814,405,2025-03-05
3812,2377,795,2025-12-07
3813,1434,166,2025-11-09
3814,2905,906,2025-10-07
3815,201,514,2025-08-28
3816,2234,161,2025-04-21
3817,1412,587,2025-09-23
3818,1174,314,2026-04-20
3819,1008,30,2026-06-11
3820,1707,942,2025-04-23
3821,2083,278,2026-06-27
3822,849,741,2025-08-17
3823,663,604,2026-03-20
3824,1722,61,2025-06-12
3825,2623,75,2025-10-01
3826,831,517,2025-11-12
3827,1632,944,2025-05-25
3828,558,613,2026-02-18
3829,1625,199,2025-02-03
3830,1167,874,2025-11-17
3831,1174,454,2026-04-27
3832,1714,713,2025-06-21
3833,297,437,2025-02-12
3834,2825,534,2026-05-25
3835,2551,798,2025-07-18
3836,2420,397,2025-12-12
3837,1939,599,2025-05-06
3838,1313,668,2025-04-16
3839,2621,940,2025-07-19
3840,359,852,2025-02-04
3841,734,292,2025-01-27
3842,2007,452,2025-07-31
3843,2400,269,2025-04-06
3844,1649,65,2025-05-29
3845,1867,215,2025-03-09
3846,776,25,2026-03-27
3847,61,60,2025-10-01
3848,1863,232,2025-12-20
3849,813,252,2026-03-14
3850,1766,195,2026-01-17
3851,219,726,2025-11-04
3852,1012,644,2026-02-25
3853,2508,61,2025-05-15
3854,32,567,2025-11-28
3855,113,883,2025-12-21
3856,699,627,2025-03-10
3857,2457,4,2025-08-15
3858,2135,902,2025-05-07
3859,1657,503,2025-08-07
3860,423,887,2025-10-30
3861,1596,19,2026-01-06
3862,924,726,2025-06-30
3863,198,754,2025-12-30
3864,686,503,2025-07-12
3865,2869,698,2025-03-19
3866,1439,413,2026-05-09
3867,2503,996,2025-02-20
3868,231,187,2026-04-01
3869,1871,273,2025-07-09
3870,795,160,2026-04-09
3871,449,648,2026-02-02
3872,2730,95,2025-08-13
3873,122,721,2025-09-02
3874,2057,560,2025-12-26
3875,1740,873,2026-03-23
3876,1634,1,2026-06-05
3877,630,746,2025-11-13
3878,518,209,2026-04-25
3879,434,525,2025-01-19
3880,1003,363,2025-11-21
3881,2749,660,2025-12-29
3882,1019,614,2025-05-10
3883,2459,60,2025-11-23
3884,636,212,2026-05-03
3885,1953,185,2025-10-26
3886,1510,761,2026-02-16
3887,478,773,2025-09-04
3888,1810,819,2025-09-12
3889,823,245,2026-04-05
3890,747,802,2025-04-02
3891,541,325,2025-06-14
3892,2158,803,2025-01-25
3893,312,758,2025-02-27
3894,2948,655,2026-06-18
3895,1323,867,2026-03-10
3896,2028,257,2025-01-23
3897,432,83,2026-05-26
3898,1700,93,2025-02-01
3899,1584,830,2025-08-18
3900,882,819,2025-01-07
3901,941,971,2026-03-25
3902,2234,342,2026-01-12
3903,2019,322,2025-04-12
3904,486,146,2026-04-20
3905,2213,739,2025-05-29
3906,122,925,2025-02-26
3907,1024,216,2026-01-31
3908,2911,701,2025-07-13
3909,2714,943,2025-11-29
3910,1137,183,2026-02-08
3911,371,123,2025-03-16
3912,2989,938,2025-10-24
3913,1751,210,2025-06-26
3914,1361,832,2026-03-21
3915,15,783,2025-10-04
3916,1673,951,2025-03-10
3917,750,900,2026-03-16
3918,1406,755,2026-06-15
3919,2812,727,2025-01-16
3920,910,571,2025-09-11
3921,2732,78,2025-02-05
3922,2299,703,2026-02-28
3923,796,623,2026-01-27
3924,343,884,2025-07-26
3925,2666,862,2025-03-09
3926,1784,291,2025-01-19
3927,1212,484,2025-04-22
3928,399,537,2025-10-29
3929,182,8,2025-11-23
3930,377,392,2026-05-10
3931,1800,687,2026-01-12
3932,1385,759,2025-07-21
3933,2137,595,2025-01-03
3934,2173,820,2026-01-29
3935,1643,414,2026-03-31
3936,1106,40,2026-01-03
3937,2511,7,2025-12-22
3938,2197,907,2025-02-02
3939,2548,89,2026-02-24
3940,1070,616,2026-07-02
3941,1598,495,2025-01-26
3942,2934,868,2026-07-04
3943,1098,78,2025-09-03
3944,1021,59,2026-06-10
3945,330,654,2025-11-26
3946,2995,756,2025-04-05
3947,159,979,2026-03-11
3948,2002,512,2025-01-20
3949,1339,734,2025-06-09
3950,2289,776,2026-04-10
3951,552,631,2025-04-15
3952,2127,314,2026-04-28
3953,771,44,2026-02-24
3954,2757,187,2025-06-08
3955,1986,950,2025-12-03
3956,1224,200,2025-11-25
3957,2144,53,2026-06-23
3958,498,855,2025-10-02
3959,2687,955,2025-07-08
3960,401,900,2025-03-21
3961,2072,962,2026-05-26
3962,2508,880,2025-11-24
3963,2204,977,2026-05-15
3964,2370,706,2025-06-16
3965,2692,313,2025-05-25
3966,611,358,2026-03-05
3967,1673,641,2025-10-27
3968,2185,405,2025-02-20
3969,2385,105,2025-12-30
3970,2895,908,2025-08-10
3971,2519,339,2025-11-10
3972,1333,656,2025-12-14
3973,2832,652,2025-01-19
3974,1133,671,2025-07-15
3975,340,163,2025-04-29
3976,1916,729,2025-08-15
3977,36,299,2026-02-05
3978,2566,31,2026-04-08
3979,1815,169,2025-12-31
3980,1486,121,2026-03-17
3981,408,595,2025-02-14
3982,2971,189,2026-06-28
3983,2951,591,2025-07-01
3984,547,799,2026-01-02
3985,795,782,2026-01-29
3986,648,855,2026-07-01
3987,351,631,2025-03-25
3988,1056,52,2025-03-19
3989,268,90,2026-02-12
3990,1397,493,2026-02-20
3991,536,345,2025-04-22
3992,297,634,2026-01-26
3993,151,467,2025-09-12
3994,1288,922,2025-02-25
3995,782,144,2025-01-20
3996,1482,545,2025-01-08
3997,2663,333,2025-10-27
3998,2683,888,2026-02-26
3999,1667,956,2026-05-14
4000,625,391,2026-04-30
